job_id,rating,position,company,job_city,job_state_code,sal_low,sal_high,link
2996000047,2.7,data scientist,Simple,Portland,OR,95,135,https://www.glassdoor.com/partner/jobListing.htm?pos=101&ao=319581&s=58&guid=00000167050440a3bcceff9a6c8f2820&src=GD_JOB_AD&t=SR&extid=1&exst=OL&ist=&ast=OL&vt=w&slr=true&rtp=0&cs=1_211fac4f&cb=1541977424419&jobListingId=2996000047
3007245717,3.0,associate data scientist,comScore,Portland,OR,77,109,https://www.glassdoor.com/partner/jobListing.htm?pos=102&ao=303157&s=58&guid=00000167050440a3bcceff9a6c8f2820&src=GD_JOB_AD&t=SR&extid=1&exst=OL&ist=&ast=OL&vt=w&slr=true&rtp=0&cs=1_1fc896a3&cb=1541977424421&jobListingId=3007245717
2976565345,3.5,data scientist,First Tech Federal Credit Union,Hillsboro,OR,93,138,https://www.glassdoor.com/partner/jobListing.htm?pos=103&ao=303805&s=58&guid=00000167050440a3bcceff9a6c8f2820&src=GD_JOB_AD&t=SR&extid=1&exst=OL&ist=&ast=OL&vt=w&slr=true&rtp=0&cs=1_d7576e19&cb=1541977424422&jobListingId=2976565345
2842056156,3.5,data scientist,ProKarma,Portland,OR,112,164,https://www.glassdoor.com/partner/jobListing.htm?pos=104&ao=312828&s=58&guid=00000167050440a3bcceff9a6c8f2820&src=GD_JOB_AD&t=SR&extid=1&exst=OL&ist=&ast=OL&vt=w&slr=true&rtp=0&cs=1_e789b08c&cb=1541977424423&jobListingId=2842056156
3016968998,3.9,analytics manager,InsideTrack,Portland,OR,96,139,https://www.glassdoor.com/partner/jobListing.htm?pos=105&ao=346405&s=58&guid=00000167050440a3bcceff9a6c8f2820&src=GD_JOB_AD&t=SR&extid=1&exst=OL&ist=&ast=OL&vt=w&slr=true&rtp=0&cs=1_75a572b2&cb=1541977424424&jobListingId=3016968998
3009122853,3.7,data scientist,Standard Insurance Company,Portland,OR,87,127,https://www.glassdoor.com/partner/jobListing.htm?pos=106&ao=177555&s=58&guid=00000167050440a3bcceff9a6c8f2820&src=GD_JOB_AD&t=SR&extid=1&exst=OL&ist=&ast=OL&vt=w&slr=true&rtp=0&cs=1_f47eacc2&cb=1541977424424&jobListingId=3009122853
2731263160,3.1,"data scientist (portland, or or orange, ca)",Alignment Healthcare,Portland,OR,92,137,https://www.glassdoor.com/partner/jobListing.htm?pos=107&ao=300850&s=58&guid=00000167050440a3bcceff9a6c8f2820&src=GD_JOB_AD&t=SR&extid=1&exst=OL&ist=&ast=OL&vt=w&slr=true&rtp=0&cs=1_a3f52e73&cb=1541977424426&jobListingId=2731263160
3012270447,3.9,"data scientist, personalization",Nike,Portland,OR,126,185,https://www.glassdoor.com/partner/jobListing.htm?pos=108&ao=400784&s=58&guid=00000167050440a3bcceff9a6c8f2820&src=GD_JOB_AD&t=SR&extid=1&exst=OL&ist=&ast=OL&vt=w&slr=true&rtp=0&cs=1_5d9ca923&cb=1541977424427&jobListingId=3012270447
2674452925,4.4,data scientist,Slalom LLC.,Portland,OR,120,175,https://www.glassdoor.com/partner/jobListing.htm?pos=109&ao=133063&s=58&guid=00000167050440a3bcceff9a6c8f2820&src=GD_JOB_AD&t=SR&extid=1&exst=OL&ist=&ast=OL&vt=w&slr=true&rtp=0&cs=1_b507a34b&cb=1541977424428&jobListingId=2674452925
3000322604,4.4,senior data scientist,Cloudability,Portland,OR,123,173,https://www.glassdoor.com/partner/jobListing.htm?pos=110&ao=334385&s=58&guid=00000167050440a3bcceff9a6c8f2820&src=GD_JOB_AD&t=SR&extid=1&exst=OL&ist=&ast=OL&vt=w&slr=true&rtp=0&aa=1&ea=1&cs=1_596e3f76&cb=1541977424429&jobListingId=3000322604
3002243352,3.4,data scientist,Cambia,Portland,OR,150,216,https://www.glassdoor.com/partner/jobListing.htm?pos=111&ao=321738&s=58&guid=00000167050440a3bcceff9a6c8f2820&src=GD_JOB_AD&t=SR&extid=1&exst=OL&ist=&ast=OL&vt=w&slr=true&rtp=0&cs=1_f862d3ee&cb=1541977424429&jobListingId=3002243352
3012677906,3.0,data analyst,comScore,Portland,OR,58,77,https://www.glassdoor.com/partner/jobListing.htm?pos=112&ao=303157&s=58&guid=00000167050440a3bcceff9a6c8f2820&src=GD_JOB_AD&t=SR&extid=1&exst=OL&ist=&ast=OL&vt=w&slr=true&rtp=0&cs=1_3e2e3d3c&cb=1541977424431&jobListingId=3012677906
3005494687,2.0,data scientist,Simple,Portland,OR,nan,nan,https://www.glassdoor.com/partner/jobListing.htm?pos=113&ao=353321&s=58&guid=00000167050440a3bcceff9a6c8f2820&src=GD_JOB_AD&t=SR&extid=1&exst=OL&ist=&ast=OL&vt=w&slr=true&rtp=0&cs=1_cb79e6b9&cb=1541977424432&jobListingId=3005494687
2967016236,2.4,data scientist,Vesta Corporation,Lake Oswego,OR,93,130,https://www.glassdoor.com/partner/jobListing.htm?pos=114&ao=152916&s=58&guid=00000167050440a3bcceff9a6c8f2820&src=GD_JOB_AD&t=SR&extid=1&exst=OL&ist=&ast=OL&vt=w&slr=true&rtp=0&aa=1&ea=1&cs=1_7b37a4ce&cb=1541977424433&jobListingId=2967016236
3005541063,3.4,scientist,Kelly Services,Portland,OR,nan,nan,https://www.glassdoor.com/partner/jobListing.htm?pos=115&ao=255490&s=58&guid=00000167050440a3bcceff9a6c8f2820&src=GD_JOB_AD&t=SR&extid=1&exst=OL&ist=&ast=OL&vt=w&slr=true&rtp=0&cs=1_377b897d&cb=1541977424434&jobListingId=3005541063
2936602060,4.0,data scientist,Diverse Lynx,Portland,OR,100,150,https://www.glassdoor.com/partner/jobListing.htm?pos=116&ao=4120&s=58&guid=00000167050440a3bcceff9a6c8f2820&src=GD_JOB_AD&t=SR&extid=1&exst=OL&ist=&ast=OL&vt=w&slr=true&rtp=0&cs=1_5b0792eb&cb=1541977424436&jobListingId=2936602060
2859138238,2.7,data engineer,Simple,Portland,OR,130,148,https://www.glassdoor.com/partner/jobListing.htm?pos=117&ao=319578&s=58&guid=00000167050440a3bcceff9a6c8f2820&src=GD_JOB_AD&t=SR&extid=1&exst=OL&ist=&ast=OL&vt=w&slr=true&rtp=0&cs=1_8602524f&cb=1541977424437&jobListingId=2859138238
2605667975,3.6,data scientist,Yieldbot,Portland,OR,92,149,https://www.glassdoor.com/partner/jobListing.htm?pos=118&ao=4120&s=58&guid=00000167050440a3bcceff9a6c8f2820&src=GD_JOB_AD&t=SR&extid=1&exst=OL&ist=&ast=OL&vt=w&slr=true&rtp=0&cs=1_35767266&cb=1541977424438&jobListingId=2605667975
2982434712,3.9,senior data scientist,Nike,Beaverton,OR,136,194,https://www.glassdoor.com/partner/jobListing.htm?pos=119&ao=133385&s=58&guid=00000167050440a3bcceff9a6c8f2820&src=GD_JOB_AD&t=SR&extid=1&exst=OL&ist=&ast=OL&vt=w&slr=true&rtp=0&cs=1_1aee89d5&cb=1541977424439&jobListingId=2982434712
2953483702,4.3,customer facing data scientist,DataRobot,Portland,OR,nan,nan,https://www.glassdoor.com/partner/jobListing.htm?pos=120&ao=4120&s=58&guid=00000167050440a3bcceff9a6c8f2820&src=GD_JOB_AD&t=SR&extid=1&exst=OL&ist=&ast=OL&vt=w&slr=true&rtp=0&cs=1_b6d0f4ad&cb=1541977424441&jobListingId=2953483702
3020777882,4.0,data scientist,CyberCoders,Portland,OR,nan,nan,https://www.glassdoor.com/partner/jobListing.htm?pos=121&ao=291820&s=58&guid=00000167050440a3bcceff9a6c8f2820&src=GD_JOB_AD&t=SR&extid=1&exst=OL&ist=&ast=OL&vt=w&slr=true&rtp=0&cs=1_9fd3385d&cb=1541977424442&jobListingId=3020777882
2739751334,3.4,data scientist - deep learning,Cambia Health Solutions,Portland,OR,150,216,https://www.glassdoor.com/partner/jobListing.htm?pos=122&ao=52448&s=58&guid=00000167050440a3bcceff9a6c8f2820&src=GD_JOB_AD&t=SR&extid=1&exst=OL&ist=&ast=OL&vt=w&slr=true&rtp=0&cs=1_5c912c34&cb=1541977424443&jobListingId=2739751334
3015411076,3.9,sr data scientist,Nike,Portland,OR,136,194,https://www.glassdoor.com/partner/jobListing.htm?pos=123&ao=320811&s=58&guid=00000167050440a3bcceff9a6c8f2820&src=GD_JOB_AD&t=SR&extid=1&exst=OL&ist=&ast=OL&vt=w&slr=true&rtp=0&cs=1_837ca942&cb=1541977424444&jobListingId=3015411076
2971043495,3.8,marketing data scientist,Intel,Hillsboro,OR,112,156,https://www.glassdoor.com/partner/jobListing.htm?pos=124&ao=132930&s=58&guid=00000167050440a3bcceff9a6c8f2820&src=GD_JOB_AD&t=SR&extid=1&exst=OL&ist=&ast=OL&vt=w&slr=true&rtp=0&cs=1_90b6d09a&cb=1541977424445&jobListingId=2971043495
2983161073,3.6,business intelligence data analyst,Fisher Investments,Portland,OR,58,76,https://www.glassdoor.com/partner/jobListing.htm?pos=125&ao=314506&s=58&guid=00000167050440a3bcceff9a6c8f2820&src=GD_JOB_AD&t=SR&extid=1&exst=OL&ist=&ast=OL&vt=w&slr=true&rtp=0&cs=1_aa7af467&cb=1541977424447&jobListingId=2983161073
2355566307,3.9,data scientist - relocation opportunity,General Assembly,Portland,OR,104,159,https://www.glassdoor.com/partner/jobListing.htm?pos=126&ao=8095&s=58&guid=00000167050440a3bcceff9a6c8f2820&src=GD_JOB_AD&t=SR&extid=1&exst=OL&ist=&ast=OL&vt=w&slr=true&rtp=0&cs=1_8bcbcd76&cb=1541977424448&jobListingId=2355566307
3021701217,3.2,marketing analytics and optimization data scientist,Umpqua Bank,Portland,OR,85,126,https://www.glassdoor.com/partner/jobListing.htm?pos=127&ao=400784&s=58&guid=00000167050440a3bcceff9a6c8f2820&src=GD_JOB_AD&t=SR&extid=1&exst=OL&ist=&ast=OL&vt=w&slr=true&rtp=0&cs=1_ad625d1a&cb=1541977424449&jobListingId=3021701217
3021355324,3.0,principal data scientist,Brainworks,Portland,OR,nan,nan,https://www.glassdoor.com/partner/jobListing.htm?pos=128&ao=83255&s=58&guid=00000167050440a3bcceff9a6c8f2820&src=GD_JOB_AD&t=SR&extid=1&exst=OL&ist=&ast=OL&vt=w&slr=true&rtp=0&cs=1_d14f5c38&cb=1541977424450&jobListingId=3021355324
2965174084,3.6,marketing data analyst,Fisher Investments,Portland,OR,58,76,https://www.glassdoor.com/partner/jobListing.htm?pos=129&ao=314506&s=58&guid=00000167050440a3bcceff9a6c8f2820&src=GD_JOB_AD&t=SR&extid=1&exst=OL&ist=&ast=OL&vt=w&slr=true&rtp=0&cs=1_a7da8de9&cb=1541977424451&jobListingId=2965174084
2988656922,3.8,sr. business intelligence analyst,Vetsource,Portland,OR,74,98,https://www.glassdoor.com/partner/jobListing.htm?pos=130&ao=365606&s=58&guid=00000167050440a3bcceff9a6c8f2820&src=GD_JOB_AD&t=SR&extid=1&exst=OL&ist=&ast=OL&vt=w&slr=true&rtp=0&cs=1_9c5618ab&cb=1541977424452&jobListingId=2988656922
3017095988,4.4,seo & analytics manager,DiscoverOrg,Vancouver,WA,66,99,https://www.glassdoor.com/partner/jobListing.htm?pos=201&ao=432120&s=58&guid=000001670504782fb57014f215e79e16&src=GD_JOB_AD&t=SR&extid=1&exst=OL&ist=&ast=OL&vt=w&slr=true&rtp=0&cs=1_cabc7f70&cb=1541977438701&jobListingId=3017095988
3015320756,4.1,"data science technical lead - portland, or",Vacasa,Portland,OR,54,87,https://www.glassdoor.com/partner/jobListing.htm?pos=202&ao=365091&s=58&guid=000001670504782fb57014f215e79e16&src=GD_JOB_AD&t=SR&extid=1&exst=OL&ist=&ast=OL&vt=w&slr=true&rtp=0&cs=1_339cf8b6&cb=1541977438702&jobListingId=3015320756
2891033956,4.1,senior scientist,AbSci,Vancouver,WA,nan,nan,https://www.glassdoor.com/partner/jobListing.htm?pos=203&ao=66506&s=58&guid=000001670504782fb57014f215e79e16&src=GD_JOB_AD&t=SR&extid=1&exst=OL&ist=&ast=OL&vt=w&slr=true&rtp=0&cs=1_49f576cc&cb=1541977438704&jobListingId=2891033956
3022118697,3.9,data analyst,Nike,Portland,OR,83,108,https://www.glassdoor.com/partner/jobListing.htm?pos=204&ao=400784&s=58&guid=000001670504782fb57014f215e79e16&src=GD_JOB_AD&t=SR&extid=1&exst=OL&ist=&ast=OL&vt=w&slr=true&rtp=0&cs=1_516fda91&cb=1541977438704&jobListingId=3022118697
3020296947,3.1,scientist,Nesco Resource,Hillsboro,OR,nan,nan,https://www.glassdoor.com/partner/jobListing.htm?pos=205&ao=83255&s=58&guid=000001670504782fb57014f215e79e16&src=GD_JOB_AD&t=SR&extid=1&exst=OL&ist=&ast=OL&vt=w&slr=true&rtp=0&cs=1_72b68895&cb=1541977438705&jobListingId=3020296947
2909360327,3.4,2018-19 college recruiting data scientist,Oracle,Portland,OR,108,155,https://www.glassdoor.com/partner/jobListing.htm?pos=206&ao=359521&s=58&guid=000001670504782fb57014f215e79e16&src=GD_JOB_AD&t=SR&extid=1&exst=OL&ist=&ast=OL&vt=w&slr=true&rtp=0&cs=1_eb504057&cb=1541977438706&jobListingId=2909360327
2913251054,3.8,research scientist,Intel Corporation,Hillsboro,OR,111,155,https://www.glassdoor.com/partner/jobListing.htm?pos=207&ao=4120&s=58&guid=000001670504782fb57014f215e79e16&src=GD_JOB_AD&t=SR&extid=1&exst=OL&ist=&ast=OL&vt=w&slr=true&rtp=0&cs=1_3a433bc4&cb=1541977438708&jobListingId=2913251054
2913215693,3.5,analytics consultant,ProKarma,Portland,OR,94,114,https://www.glassdoor.com/partner/jobListing.htm?pos=208&ao=312828&s=58&guid=000001670504782fb57014f215e79e16&src=GD_JOB_AD&t=SR&extid=1&exst=OL&ist=&ast=OL&vt=w&slr=true&rtp=0&cs=1_0519ada9&cb=1541977438709&jobListingId=2913215693
3017496783,3.9,senior data scientist -,Nike,Portland,OR,136,194,https://www.glassdoor.com/partner/jobListing.htm?pos=209&ao=352789&s=58&guid=000001670504782fb57014f215e79e16&src=GD_JOB_AD&t=SR&extid=1&exst=OL&ist=&ast=OL&vt=w&slr=true&rtp=0&cs=1_f2723390&cb=1541977438709&jobListingId=3017496783
2845063959,3.9,lead data scientist,Nike,Beaverton,OR,147,212,https://www.glassdoor.com/partner/jobListing.htm?pos=210&ao=133385&s=58&guid=000001670504782fb57014f215e79e16&src=GD_JOB_AD&t=SR&extid=1&exst=OL&ist=&ast=OL&vt=w&slr=true&rtp=0&cs=1_34433f98&cb=1541977438711&jobListingId=2845063959
3014386642,3.9,"data scientist, personalization -",Nike,Portland,OR,126,185,https://www.glassdoor.com/partner/jobListing.htm?pos=211&ao=352789&s=58&guid=000001670504782fb57014f215e79e16&src=GD_JOB_AD&t=SR&extid=1&exst=OL&ist=&ast=OL&vt=w&slr=true&rtp=0&cs=1_c02a4fd4&cb=1541977438712&jobListingId=3014386642
2981731496,4.4,data analyst,Urban Airship,Portland,OR,62,85,https://www.glassdoor.com/partner/jobListing.htm?pos=212&ao=355361&s=58&guid=000001670504782fb57014f215e79e16&src=GD_JOB_AD&t=SR&extid=1&exst=OL&ist=&ast=OL&vt=w&slr=true&rtp=0&aa=1&ea=1&cs=1_4ed67407&cb=1541977438713&jobListingId=2981731496
3021923927,3.2,healthcare data analyst,APEX Systems,Portland,OR,nan,nan,https://www.glassdoor.com/partner/jobListing.htm?pos=213&ao=83255&s=58&guid=000001670504782fb57014f215e79e16&src=GD_JOB_AD&t=SR&extid=1&exst=OL&ist=&ast=OL&vt=w&slr=true&rtp=0&cs=1_7c3d1044&cb=1541977438714&jobListingId=3021923927
2981752781,3.0,gis associate scientist (entry level),Environmental Resources Management,Portland,OR,49,76,https://www.glassdoor.com/partner/jobListing.htm?pos=214&ao=242900&s=58&guid=000001670504782fb57014f215e79e16&src=GD_JOB_AD&t=SR&extid=1&exst=OL&ist=&ast=OL&vt=w&slr=true&rtp=0&cs=1_76620d0c&cb=1541977438715&jobListingId=2981752781
3020018054,4.5,business intelligence analyst,VanderHouwen,Portland,OR,nan,nan,https://www.glassdoor.com/partner/jobListing.htm?pos=215&ao=374376&s=58&guid=000001670504782fb57014f215e79e16&src=GD_JOB_AD&t=SR&extid=1&exst=OL&ist=&ast=OL&vt=w&slr=true&rtp=0&cs=1_71892bdf&cb=1541977438716&jobListingId=3020018054
3015405152,3.9,expert information security data scientist,Nike,Beaverton,OR,126,185,https://www.glassdoor.com/partner/jobListing.htm?pos=216&ao=320811&s=58&guid=000001670504782fb57014f215e79e16&src=GD_JOB_AD&t=SR&extid=1&exst=OL&ist=&ast=OL&vt=w&slr=true&rtp=0&cs=1_615aad7b&cb=1541977438717&jobListingId=3015405152
2877931064,4.5,data engineer,VanderHouwen,Beaverton,OR,nan,nan,https://www.glassdoor.com/partner/jobListing.htm?pos=217&ao=374376&s=58&guid=000001670504782fb57014f215e79e16&src=GD_JOB_AD&t=SR&extid=1&exst=OL&ist=&ast=OL&vt=w&slr=true&rtp=0&cs=1_cbe3139d&cb=1541977438718&jobListingId=2877931064
3015407946,3.9,computer vision research scientist,Nike,Beaverton,OR,68,97,https://www.glassdoor.com/partner/jobListing.htm?pos=218&ao=320811&s=58&guid=000001670504782fb57014f215e79e16&src=GD_JOB_AD&t=SR&extid=1&exst=OL&ist=&ast=OL&vt=w&slr=true&rtp=0&cs=1_ad1317a3&cb=1541977438719&jobListingId=3015407946
3015813630,3.5,consumer lending analyst - analytic consultant 4,Wells Fargo,Portland,OR,85,124,https://www.glassdoor.com/partner/jobListing.htm?pos=219&ao=303958&s=58&guid=000001670504782fb57014f215e79e16&src=GD_JOB_AD&t=SR&extid=1&exst=OL&ist=&ast=OL&vt=w&slr=true&rtp=0&cs=1_c928ad2f&cb=1541977438720&jobListingId=3015813630
2845731706,3.4,cloud data scientist - big data platform team - new york,Oracle,Portland,OR,108,155,https://www.glassdoor.com/partner/jobListing.htm?pos=220&ao=359521&s=58&guid=000001670504782fb57014f215e79e16&src=GD_JOB_AD&t=SR&extid=1&exst=OL&ist=&ast=OL&vt=w&slr=true&rtp=0&cs=1_276423e9&cb=1541977438722&jobListingId=2845731706
3007085349,4.9,data modeler 2,Flux Resources,Vancouver,WA,nan,nan,https://www.glassdoor.com/partner/jobListing.htm?pos=221&ao=430582&s=58&guid=000001670504782fb57014f215e79e16&src=GD_JOB_AD&t=SR&extid=1&exst=OL&ist=&ast=OL&vt=w&slr=true&rtp=0&cs=1_546b035e&cb=1541977438723&jobListingId=3007085349
3020157164,4.1,data science technical lead,Vacasa,Portland,OR,nan,nan,https://www.glassdoor.com/partner/jobListing.htm?pos=222&ao=182894&s=58&guid=000001670504782fb57014f215e79e16&src=GD_JOB_AD&t=SR&extid=1&exst=OL&ist=&ast=OL&vt=w&slr=true&rtp=0&cs=1_034fbe14&cb=1541977438724&jobListingId=3020157164
2993586029,4.4,senior business intelligence analyst,DiscoverOrg,Vancouver,WA,56,75,https://www.glassdoor.com/partner/jobListing.htm?pos=223&ao=432120&s=58&guid=000001670504782fb57014f215e79e16&src=GD_JOB_AD&t=SR&extid=1&exst=OL&ist=&ast=OL&vt=w&slr=true&rtp=0&cs=1_006c30f0&cb=1541977438725&jobListingId=2993586029
2950845175,2.7,senior data engineer,Simple,Portland,OR,164,184,https://www.glassdoor.com/partner/jobListing.htm?pos=224&ao=319578&s=58&guid=000001670504782fb57014f215e79e16&src=GD_JOB_AD&t=SR&extid=1&exst=OL&ist=&ast=OL&vt=w&slr=true&rtp=0&cs=1_fa329f66&cb=1541977438726&jobListingId=2950845175
3009380521,3.7,data engineer iv,The Standard,Portland,OR,110,124,https://www.glassdoor.com/partner/jobListing.htm?pos=225&ao=428346&s=58&guid=000001670504782fb57014f215e79e16&src=GD_JOB_AD&t=SR&extid=1&exst=OL&ist=&ast=OL&vt=w&slr=true&rtp=0&cs=1_7b1694a2&cb=1541977438727&jobListingId=3009380521
2989505466,4.5,data & analytics bsa,VanderHouwen,Beaverton,OR,nan,nan,https://www.glassdoor.com/partner/jobListing.htm?pos=226&ao=374376&s=58&guid=000001670504782fb57014f215e79e16&src=GD_JOB_AD&t=SR&extid=1&exst=OL&ist=&ast=OL&vt=w&slr=true&rtp=0&cs=1_16692130&cb=1541977438728&jobListingId=2989505466
3011227655,4.5,lead engineer data & analytics,VanderHouwen,Beaverton,OR,nan,nan,https://www.glassdoor.com/partner/jobListing.htm?pos=227&ao=374376&s=58&guid=000001670504782fb57014f215e79e16&src=GD_JOB_AD&t=SR&extid=1&exst=OL&ist=&ast=OL&vt=w&slr=true&rtp=0&cs=1_598721ed&cb=1541977438730&jobListingId=3011227655
3009380500,3.7,data engineer iii,The Standard,Portland,OR,79,89,https://www.glassdoor.com/partner/jobListing.htm?pos=228&ao=428346&s=58&guid=000001670504782fb57014f215e79e16&src=GD_JOB_AD&t=SR&extid=1&exst=OL&ist=&ast=OL&vt=w&slr=true&rtp=0&cs=1_b801c574&cb=1541977438731&jobListingId=3009380500
2900897370,4.5,senior data science engineer,VanderHouwen,Hillsboro,OR,nan,nan,https://www.glassdoor.com/partner/jobListing.htm?pos=229&ao=374376&s=58&guid=000001670504782fb57014f215e79e16&src=GD_JOB_AD&t=SR&extid=1&exst=OL&ist=&ast=OL&vt=w&slr=true&rtp=0&cs=1_00518e09&cb=1541977438732&jobListingId=2900897370
3003353913,4.5,cloud data engineer,VanderHouwen,Portland,OR,nan,nan,https://www.glassdoor.com/partner/jobListing.htm?pos=230&ao=374376&s=58&guid=000001670504782fb57014f215e79e16&src=GD_JOB_AD&t=SR&extid=1&exst=OL&ist=&ast=OL&vt=w&slr=true&rtp=0&cs=1_71147328&cb=1541977438733&jobListingId=3003353913
3020258237,3.8,data analyst,Adidas,Portland,OR,45,60,https://www.glassdoor.com/partner/jobListing.htm?pos=301&ao=173354&s=58&guid=000001670504b5d7b651b1991f039750&src=GD_JOB_AD&t=SR&extid=1&exst=OL&ist=&ast=OL&vt=w&slr=true&rtp=0&cs=1_5af88ea3&cb=1541977454469&jobListingId=3020258237
2903005130,4.1,associate scientist i,AbSci,Vancouver,WA,nan,nan,https://www.glassdoor.com/partner/jobListing.htm?pos=302&ao=66506&s=58&guid=000001670504b5d7b651b1991f039750&src=GD_JOB_AD&t=SR&extid=1&exst=OL&ist=&ast=OL&vt=w&slr=true&rtp=0&cs=1_2d81ea32&cb=1541977454471&jobListingId=2903005130
3017619542,4.5,business/data analyst,CrowdStreet,Portland,OR,nan,nan,https://www.glassdoor.com/partner/jobListing.htm?pos=303&ao=37049&s=58&guid=000001670504b5d7b651b1991f039750&src=GD_JOB_AD&t=SR&extid=1&exst=OL&ist=&ast=OL&vt=w&slr=true&rtp=0&cs=1_1e025d4c&cb=1541977454526&jobListingId=3017619542
2960447093,3.9,data analyst iii (technical),Kaiser Permanente,Portland,OR,70,96,https://www.glassdoor.com/partner/jobListing.htm?pos=304&ao=133520&s=58&guid=000001670504b5d7b651b1991f039750&src=GD_JOB_AD&t=SR&extid=1&exst=OL&ist=&ast=OL&vt=w&slr=true&rtp=0&cs=1_785f77e9&cb=1541977454528&jobListingId=2960447093
3020408275,4.6,business intelligence analyst,"BizTek People, Inc.",Portland,OR,69,93,https://www.glassdoor.com/partner/jobListing.htm?pos=305&ao=4323&s=58&guid=000001670504b5d7b651b1991f039750&src=GD_JOB_AD&t=SR&extid=1&exst=OL&ist=&ast=OL&vt=w&slr=true&rtp=0&cs=1_574ca0c3&cb=1541977454528&jobListingId=3020408275
3021820038,3.2,capital planning modeler/quantitative analyst - portland -,Umpqua Bank,Portland,OR,60,99,https://www.glassdoor.com/partner/jobListing.htm?pos=306&ao=189299&s=58&guid=000001670504b5d7b651b1991f039750&src=GD_JOB_AD&t=SR&extid=1&exst=OL&ist=&ast=OL&vt=w&slr=true&rtp=0&cs=1_c6cf8ec1&cb=1541977454529&jobListingId=3021820038
3021416634,4.9,business intelligence analyst,IGNW,Portland,OR,nan,nan,https://www.glassdoor.com/partner/jobListing.htm?pos=307&ao=9619&s=58&guid=000001670504b5d7b651b1991f039750&src=GD_JOB_AD&t=SR&extid=1&exst=OL&ist=&ast=OL&vt=w&slr=true&rtp=0&cs=1_66e6c13e&cb=1541977454530&jobListingId=3021416634
2974405154,3.8,research scientist internship,Intel Corporation,Hillsboro,OR,87,122,https://www.glassdoor.com/partner/jobListing.htm?pos=308&ao=4120&s=58&guid=000001670504b5d7b651b1991f039750&src=GD_JOB_AD&t=SR&extid=1&exst=OL&ist=&ast=OL&vt=w&slr=true&rtp=0&cs=1_d6018742&cb=1541977454531&jobListingId=2974405154
3015363100,4.5,data analyst,VanderHouwen,Beaverton,OR,nan,nan,https://www.glassdoor.com/partner/jobListing.htm?pos=309&ao=374376&s=58&guid=000001670504b5d7b651b1991f039750&src=GD_JOB_AD&t=SR&extid=1&exst=OL&ist=&ast=OL&vt=w&slr=true&rtp=0&cs=1_582c5fa0&cb=1541977454532&jobListingId=3015363100
1984950850,4.8,data modeler / analyst,AZAD Technology Partners,Portland,OR,nan,nan,https://www.glassdoor.com/partner/jobListing.htm?pos=310&ao=4120&s=58&guid=000001670504b5d7b651b1991f039750&src=GD_JOB_AD&t=SR&extid=1&exst=OL&ist=&ast=OL&vt=w&slr=true&rtp=0&cs=1_c0d46770&cb=1541977454533&jobListingId=1984950850
3017311779,3.0,data analyst,Modis,Beaverton,OR,nan,nan,https://www.glassdoor.com/partner/jobListing.htm?pos=311&ao=208029&s=58&guid=000001670504b5d7b651b1991f039750&src=GD_JOB_AD&t=SR&extid=1&exst=OL&ist=&ast=OL&vt=w&slr=true&rtp=0&cs=1_6285d0f2&cb=1541977454534&jobListingId=3017311779
2674452763,4.4,advanced analytics consultant,Slalom LLC.,Portland,OR,118,148,https://www.glassdoor.com/partner/jobListing.htm?pos=312&ao=133063&s=58&guid=000001670504b5d7b651b1991f039750&src=GD_JOB_AD&t=SR&extid=1&exst=OL&ist=&ast=OL&vt=w&slr=true&rtp=0&cs=1_5c1b6c39&cb=1541977454535&jobListingId=2674452763
3014742799,3.4,data science internship,Hewlett-Packard Company,Vancouver,WA,nan,nan,https://www.glassdoor.com/partner/jobListing.htm?pos=313&ao=353321&s=58&guid=000001670504b5d7b651b1991f039750&src=GD_JOB_AD&t=SR&extid=1&exst=OL&ist=&ast=OL&vt=w&slr=true&rtp=0&cs=1_37afd440&cb=1541977454537&jobListingId=3014742799
2997935341,3.0,gis project scientist (associate level),"Environmental Resources Management, Inc.",Portland,OR,51,79,https://www.glassdoor.com/partner/jobListing.htm?pos=314&ao=55291&s=58&guid=000001670504b5d7b651b1991f039750&src=GD_JOB_AD&t=SR&extid=1&exst=OL&ist=&ast=OL&vt=w&slr=true&rtp=0&cs=1_5a36876e&cb=1541977454538&jobListingId=2997935341
3015405420,3.9,"engagement scientist, content analytics",Nike,Beaverton,OR,nan,nan,https://www.glassdoor.com/partner/jobListing.htm?pos=315&ao=320811&s=58&guid=000001670504b5d7b651b1991f039750&src=GD_JOB_AD&t=SR&extid=1&exst=OL&ist=&ast=OL&vt=w&slr=true&rtp=0&cs=1_e98f42c8&cb=1541977454539&jobListingId=3015405420
2994487031,,technical consultant - data science,ILLUME Advising,Portland,OR,nan,nan,https://www.glassdoor.com/partner/jobListing.htm?pos=316&ao=85058&s=58&guid=000001670504b5d7b651b1991f039750&src=GD_JOB_AD&t=SR&extid=1&exst=OL&ist=&ast=OL&vt=w&slr=true&rtp=0&cs=1_7d1c785a&cb=1541977454540&jobListingId=2994487031
2724338718,3.2,project manager- data analyst,Blueocean Market Intelligence,Portland,OR,63,90,https://www.glassdoor.com/partner/jobListing.htm?pos=317&ao=4341&s=58&guid=000001670504b5d7b651b1991f039750&src=GD_JOB_AD&t=SR&extid=1&exst=OL&ist=&ast=OL&vt=w&slr=true&rtp=0&aa=1&ea=1&cs=1_a3120936&cb=1541977454541&jobListingId=2724338718
3015408171,3.9,"sr engineer, data & analytics",Nike,Beaverton,OR,110,124,https://www.glassdoor.com/partner/jobListing.htm?pos=318&ao=320811&s=58&guid=000001670504b5d7b651b1991f039750&src=GD_JOB_AD&t=SR&extid=1&exst=OL&ist=&ast=OL&vt=w&slr=true&rtp=0&cs=1_8cd366a9&cb=1541977454542&jobListingId=3015408171
3015405745,3.9,"lead data eng-demand sensing, enterprise data",Nike,Beaverton,OR,nan,nan,https://www.glassdoor.com/partner/jobListing.htm?pos=319&ao=320811&s=58&guid=000001670504b5d7b651b1991f039750&src=GD_JOB_AD&t=SR&extid=1&exst=OL&ist=&ast=OL&vt=w&slr=true&rtp=0&cs=1_79e80fa2&cb=1541977454544&jobListingId=3015405745
3014322446,3.9,senior data scientist - market sensing and forecasting,Nike,Beaverton,OR,136,194,https://www.glassdoor.com/partner/jobListing.htm?pos=320&ao=352789&s=58&guid=000001670504b5d7b651b1991f039750&src=GD_JOB_AD&t=SR&extid=1&exst=OL&ist=&ast=OL&vt=w&slr=true&rtp=0&cs=1_9ce87eee&cb=1541977454545&jobListingId=3014322446
2895896819,3.9,big data operations engineer,Kforce,Beaverton,OR,nan,nan,https://www.glassdoor.com/partner/jobListing.htm?pos=321&ao=220345&s=58&guid=000001670504b5d7b651b1991f039750&src=GD_JOB_AD&t=SR&extid=1&exst=OL&ist=&ast=OL&vt=w&slr=true&rtp=0&cs=1_87adbc76&cb=1541977454546&jobListingId=2895896819
3017773646,3.9,"senior engineer, data & analytics -",Nike,Beaverton,OR,110,124,https://www.glassdoor.com/partner/jobListing.htm?pos=322&ao=352789&s=58&guid=000001670504b5d7b651b1991f039750&src=GD_JOB_AD&t=SR&extid=1&exst=OL&ist=&ast=OL&vt=w&slr=true&rtp=0&cs=1_4980555b&cb=1541977454547&jobListingId=3017773646
3019873977,4.0,581501 & 581504 business intelligence analyst,ieSolutions,Portland,OR,nan,nan,https://www.glassdoor.com/partner/jobListing.htm?pos=323&ao=85058&s=58&guid=000001670504b5d7b651b1991f039750&src=GD_JOB_AD&t=SR&extid=1&exst=OL&ist=&ast=OL&vt=w&slr=true&rtp=0&cs=1_fa6e37d9&cb=1541977454548&jobListingId=3019873977
3005581404,3.5,analytic consultant 4,Wells Fargo,Portland,OR,85,124,https://www.glassdoor.com/partner/jobListing.htm?pos=324&ao=303231&s=58&guid=000001670504b5d7b651b1991f039750&src=GD_JOB_AD&t=SR&extid=1&exst=OL&ist=&ast=OL&vt=w&slr=true&rtp=0&cs=1_701e508d&cb=1541977454549&jobListingId=3005581404
2520482383,3.9,sr data scientist market sensing and forecasting,Nike,Beaverton,OR,136,194,https://www.glassdoor.com/partner/jobListing.htm?pos=325&ao=320811&s=58&guid=000001670504b5d7b651b1991f039750&src=GD_JOB_AD&t=SR&extid=1&exst=OL&ist=&ast=OL&vt=w&slr=true&rtp=0&cs=1_a50555cb&cb=1541977454550&jobListingId=2520482383
2999159811,3.4,senior data modeler specialist psjh -,Providence Health & Services,Portland,OR,97,138,https://www.glassdoor.com/partner/jobListing.htm?pos=326&ao=352789&s=58&guid=000001670504b5d7b651b1991f039750&src=GD_JOB_AD&t=SR&extid=1&exst=OL&ist=&ast=OL&vt=w&slr=true&rtp=0&cs=1_ee7359bb&cb=1541977454552&jobListingId=2999159811
3008388092,,lead engineer data & analytics,ProEnlist,Portland,OR,nan,nan,https://www.glassdoor.com/partner/jobListing.htm?pos=327&ao=4321&s=58&guid=000001670504b5d7b651b1991f039750&src=GD_JOB_AD&t=SR&extid=1&exst=OL&ist=&ast=OL&vt=w&slr=true&rtp=0&aa=1&ea=1&cs=1_be69ff75&cb=1541977454553&jobListingId=3008388092
3002112489,4.6,senior data engineer,"BizTek People, Inc.",Portland,OR,138,156,https://www.glassdoor.com/partner/jobListing.htm?pos=328&ao=4323&s=58&guid=000001670504b5d7b651b1991f039750&src=GD_JOB_AD&t=SR&extid=1&exst=OL&ist=&ast=OL&vt=w&slr=true&rtp=0&cs=1_d307bf0b&cb=1541977454554&jobListingId=3002112489
3002748831,4.5,lead data engineer,VanderHouwen,Beaverton,OR,nan,nan,https://www.glassdoor.com/partner/jobListing.htm?pos=329&ao=374376&s=58&guid=000001670504b5d7b651b1991f039750&src=GD_JOB_AD&t=SR&extid=1&exst=OL&ist=&ast=OL&vt=w&slr=true&rtp=0&cs=1_6766ce6f&cb=1541977454555&jobListingId=3002748831
3001636803,4.5,senior data engineer,VanderHouwen,Beaverton,OR,nan,nan,https://www.glassdoor.com/partner/jobListing.htm?pos=330&ao=374376&s=58&guid=000001670504b5d7b651b1991f039750&src=GD_JOB_AD&t=SR&extid=1&exst=OL&ist=&ast=OL&vt=w&slr=true&rtp=0&cs=1_975e9612&cb=1541977454556&jobListingId=3001636803
3002887664,4.6,"data analyst, customer support operations",Coinbase,Portland,OR,73,97,https://www.glassdoor.com/partner/jobListing.htm?pos=401&ao=137240&s=58&guid=000001670504edb080572d4265a519d5&src=GD_JOB_AD&t=SR&extid=1&exst=OL&ist=&ast=OL&vt=w&slr=true&rtp=0&aa=1&ea=1&cs=1_5869311a&cb=1541977468803&jobListingId=3002887664
3020446839,3.8,master data analyst,Adidas,Portland,OR,45,60,https://www.glassdoor.com/partner/jobListing.htm?pos=402&ao=173354&s=58&guid=000001670504edb080572d4265a519d5&src=GD_JOB_AD&t=SR&extid=1&exst=OL&ist=&ast=OL&vt=w&slr=true&rtp=0&cs=1_793d4fee&cb=1541977468804&jobListingId=3020446839
3016485766,3.9,merchandising analytics manager,Nike,Portland,OR,70,105,https://www.glassdoor.com/partner/jobListing.htm?pos=403&ao=352789&s=58&guid=000001670504edb080572d4265a519d5&src=GD_JOB_AD&t=SR&extid=1&exst=OL&ist=&ast=OL&vt=w&slr=true&rtp=0&cs=1_4ebfa034&cb=1541977468805&jobListingId=3016485766
2953865359,3.7,data science intern,eBay,Portland,OR,nan,nan,https://www.glassdoor.com/partner/jobListing.htm?pos=404&ao=242900&s=58&guid=000001670504edb080572d4265a519d5&src=GD_JOB_AD&t=SR&extid=1&exst=OL&ist=&ast=OL&vt=w&slr=true&rtp=0&cs=1_589e2c4e&cb=1541977468806&jobListingId=2953865359
2814720578,3.8,staff scientist 1,Legacy Health System,Portland,OR,81,115,https://www.glassdoor.com/partner/jobListing.htm?pos=405&ao=137231&s=58&guid=000001670504edb080572d4265a519d5&src=GD_JOB_AD&t=SR&extid=1&exst=OL&ist=&ast=OL&vt=w&slr=true&rtp=0&cs=1_0f35e8ba&cb=1541977468807&jobListingId=2814720578
3015405814,3.9,sr data analyst - marketplace analytics,Nike,Beaverton,OR,94,122,https://www.glassdoor.com/partner/jobListing.htm?pos=406&ao=320811&s=58&guid=000001670504edb080572d4265a519d5&src=GD_JOB_AD&t=SR&extid=1&exst=OL&ist=&ast=OL&vt=w&slr=true&rtp=0&cs=1_034ed2ec&cb=1541977468808&jobListingId=3015405814
3009642696,3.3,big data engineer,Themesoft Inc,Portland,OR,94,106,https://www.glassdoor.com/partner/jobListing.htm?pos=407&ao=242359&s=58&guid=000001670504edb080572d4265a519d5&src=GD_JOB_AD&t=SR&extid=1&exst=OL&ist=&ast=OL&vt=w&slr=true&rtp=0&cs=1_3dd943f2&cb=1541977468810&jobListingId=3009642696
3016326247,3.6,product data analyst ii (l7),Mercedes-Benz,Portland,OR,65,85,https://www.glassdoor.com/partner/jobListing.htm?pos=408&ao=352789&s=58&guid=000001670504edb080572d4265a519d5&src=GD_JOB_AD&t=SR&extid=1&exst=OL&ist=&ast=OL&vt=w&slr=true&rtp=0&cs=1_7d835da3&cb=1541977468812&jobListingId=3016326247
3021990899,4.3,data engineer,Synkriom,Beaverton,OR,nan,nan,https://www.glassdoor.com/partner/jobListing.htm?pos=409&ao=212128&s=58&guid=000001670504edb080572d4265a519d5&src=GD_JOB_AD&t=SR&extid=1&exst=OL&ist=&ast=OL&vt=w&slr=true&rtp=0&cs=1_2c68edf7&cb=1541977468814&jobListingId=3021990899
2941000936,,data analyst,Macropace Technologies,Hillsboro,OR,nan,nan,https://www.glassdoor.com/partner/jobListing.htm?pos=410&ao=14295&s=58&guid=000001670504edb080572d4265a519d5&src=GD_JOB_AD&t=SR&extid=1&exst=OL&ist=&ast=OL&vt=w&slr=true&rtp=0&aa=1&ea=1&cs=1_3290fc26&cb=1541977468815&jobListingId=2941000936
3021300594,,business intelligence analyst,Professional Resource Group,Portland,OR,nan,nan,https://www.glassdoor.com/partner/jobListing.htm?pos=411&ao=15674&s=58&guid=000001670504edb080572d4265a519d5&src=GD_JOB_AD&t=SR&extid=1&exst=OL&ist=&ast=OL&vt=w&slr=true&rtp=0&cs=1_e7e7fcbf&cb=1541977468815&jobListingId=3021300594
3015405705,3.9,"lead api eng-demand sensing, enterprise data",Nike,Beaverton,OR,nan,nan,https://www.glassdoor.com/partner/jobListing.htm?pos=412&ao=320811&s=58&guid=000001670504edb080572d4265a519d5&src=GD_JOB_AD&t=SR&extid=1&exst=OL&ist=&ast=OL&vt=w&slr=true&rtp=0&cs=1_7974d175&cb=1541977468817&jobListingId=3015405705
2926915707,3.8,machine learning engineer,Intel,Hillsboro,OR,nan,nan,https://www.glassdoor.com/partner/jobListing.htm?pos=413&ao=132930&s=58&guid=000001670504edb080572d4265a519d5&src=GD_JOB_AD&t=SR&extid=1&exst=OL&ist=&ast=OL&vt=w&slr=true&rtp=0&cs=1_f107a5e4&cb=1541977468818&jobListingId=2926915707
3015408191,3.9,lead engineer data & analytics,Nike,Beaverton,OR,97,110,https://www.glassdoor.com/partner/jobListing.htm?pos=414&ao=320811&s=58&guid=000001670504edb080572d4265a519d5&src=GD_JOB_AD&t=SR&extid=1&exst=OL&ist=&ast=OL&vt=w&slr=true&rtp=0&cs=1_aef40d34&cb=1541977468819&jobListingId=3015408191
3015407669,3.9,director of data science,Nike,Portland,OR,111,167,https://www.glassdoor.com/partner/jobListing.htm?pos=415&ao=320811&s=58&guid=000001670504edb080572d4265a519d5&src=GD_JOB_AD&t=SR&extid=1&exst=OL&ist=&ast=OL&vt=w&slr=true&rtp=0&cs=1_b2a05154&cb=1541977468820&jobListingId=3015407669
2977995887,3.4,data science internships,Cambia Health Solutions,Portland,OR,nan,nan,https://www.glassdoor.com/partner/jobListing.htm?pos=416&ao=4008&s=58&guid=000001670504edb080572d4265a519d5&src=GD_JOB_AD&t=SR&extid=1&exst=OL&ist=&ast=OL&vt=w&slr=true&rtp=0&cs=1_8779df5f&cb=1541977468822&jobListingId=2977995887
3016577787,3.6,data engineer,Tata Consultancy Services (North America),Portland,OR,87,99,https://www.glassdoor.com/partner/jobListing.htm?pos=417&ao=4120&s=58&guid=000001670504edb080572d4265a519d5&src=GD_JOB_AD&t=SR&extid=1&exst=OL&ist=&ast=OL&vt=w&slr=true&rtp=0&cs=1_4be0dd45&cb=1541977468823&jobListingId=3016577787
2963365264,4.0,data modeler,Diverse Lynx,Portland,OR,74,113,https://www.glassdoor.com/partner/jobListing.htm?pos=418&ao=4120&s=58&guid=000001670504edb080572d4265a519d5&src=GD_JOB_AD&t=SR&extid=1&exst=OL&ist=&ast=OL&vt=w&slr=true&rtp=0&cs=1_3a07469c&cb=1541977468824&jobListingId=2963365264
3021924160,3.2,data engineer,APEX Systems,Beaverton,OR,nan,nan,https://www.glassdoor.com/partner/jobListing.htm?pos=419&ao=83255&s=58&guid=000001670504edb080572d4265a519d5&src=GD_JOB_AD&t=SR&extid=1&exst=OL&ist=&ast=OL&vt=w&slr=true&rtp=0&cs=1_3d9b9d88&cb=1541977468826&jobListingId=3021924160
3018533740,3.8,research scientist internship -,Intel Corporation,Hillsboro,OR,87,122,https://www.glassdoor.com/partner/jobListing.htm?pos=420&ao=352789&s=58&guid=000001670504edb080572d4265a519d5&src=GD_JOB_AD&t=SR&extid=1&exst=OL&ist=&ast=OL&vt=w&slr=true&rtp=0&cs=1_53a491b6&cb=1541977468827&jobListingId=3018533740
3015172594,4.2,product data analyst ii (l7),Daimler,Portland,OR,76,97,https://www.glassdoor.com/partner/jobListing.htm?pos=421&ao=3839&s=58&guid=000001670504edb080572d4265a519d5&src=GD_JOB_AD&t=SR&extid=1&exst=OL&ist=&ast=OL&vt=w&slr=true&rtp=0&cs=1_5bc91dac&cb=1541977468829&jobListingId=3015172594
3017981410,3.7,data engineer,Tata Consultancy Services,Portland,OR,73,84,https://www.glassdoor.com/partner/jobListing.htm?pos=422&ao=176976&s=58&guid=000001670504edb080572d4265a519d5&src=GD_JOB_AD&t=SR&extid=1&exst=OL&ist=&ast=OL&vt=w&slr=true&rtp=0&cs=1_1b08ea7c&cb=1541977468830&jobListingId=3017981410
3004010901,3.5,cards & payments data analyst,First Tech Federal Credit Union,Beaverton,OR,53,70,https://www.glassdoor.com/partner/jobListing.htm?pos=423&ao=303805&s=58&guid=000001670504edb080572d4265a519d5&src=GD_JOB_AD&t=SR&extid=1&exst=OL&ist=&ast=OL&vt=w&slr=true&rtp=0&cs=1_a5c8df5e&cb=1541977468831&jobListingId=3004010901
3015410250,3.9,"gsm dir, enterprise data & analytics",Nike,Beaverton,OR,nan,nan,https://www.glassdoor.com/partner/jobListing.htm?pos=424&ao=320811&s=58&guid=000001670504edb080572d4265a519d5&src=GD_JOB_AD&t=SR&extid=1&exst=OL&ist=&ast=OL&vt=w&slr=true&rtp=0&cs=1_f8fc9cf9&cb=1541977468832&jobListingId=3015410250
3009689940,3.9,senior data analyst,Kforce,Beaverton,OR,nan,nan,https://www.glassdoor.com/partner/jobListing.htm?pos=425&ao=220345&s=58&guid=000001670504edb080572d4265a519d5&src=GD_JOB_AD&t=SR&extid=1&exst=OL&ist=&ast=OL&vt=w&slr=true&rtp=0&cs=1_b267669e&cb=1541977468833&jobListingId=3009689940
3017258191,3.2,senior data analyst,Apex Systems,Beaverton,OR,nan,nan,https://www.glassdoor.com/partner/jobListing.htm?pos=426&ao=208029&s=58&guid=000001670504edb080572d4265a519d5&src=GD_JOB_AD&t=SR&extid=1&exst=OL&ist=&ast=OL&vt=w&slr=true&rtp=0&cs=1_2f0401c2&cb=1541977468834&jobListingId=3017258191
3018908715,3.6,product data analyst ii (l7),Daimler Trucks North America,Portland,OR,52,67,https://www.glassdoor.com/partner/jobListing.htm?pos=427&ao=400784&s=58&guid=000001670504edb080572d4265a519d5&src=GD_JOB_AD&t=SR&extid=1&exst=OL&ist=&ast=OL&vt=w&slr=true&rtp=0&cs=1_8c1de8cd&cb=1541977468835&jobListingId=3018908715
3021768173,4.3,"sr. data engineer (azure, msbi)",ieSolutions,Portland,OR,nan,nan,https://www.glassdoor.com/partner/jobListing.htm?pos=428&ao=85058&s=58&guid=000001670504edb080572d4265a519d5&src=GD_JOB_AD&t=SR&extid=1&exst=OL&ist=&ast=OL&vt=w&slr=true&rtp=0&cs=1_85d16b65&cb=1541977468836&jobListingId=3021768173
3004043272,4.0,# 580262- bi data analyst ( t-sql/ epic clarity),ieSolutions,Portland,OR,nan,nan,https://www.glassdoor.com/partner/jobListing.htm?pos=429&ao=85058&s=58&guid=000001670504edb080572d4265a519d5&src=GD_JOB_AD&t=SR&extid=1&exst=OL&ist=&ast=OL&vt=w&slr=true&rtp=0&cs=1_2de5cc66&cb=1541977468838&jobListingId=3004043272
3011488797,,lead engineer data & analytics,"Aptuity Solutions, Inc",Portland,OR,nan,nan,https://www.glassdoor.com/partner/jobListing.htm?pos=430&ao=242359&s=58&guid=000001670504edb080572d4265a519d5&src=GD_JOB_AD&t=SR&extid=1&exst=OL&ist=&ast=OL&vt=w&slr=true&rtp=0&cs=1_5c2eae1b&cb=1541977468839&jobListingId=3011488797
2939339730,3.0,provider data analyst,Moda Health,Portland,OR,56,75,https://www.glassdoor.com/partner/jobListing.htm?pos=501&ao=4345&s=58&guid=00000167050523a4bc4147cb67bd9290&src=GD_JOB_AD&t=SR&extid=1&exst=OL&ist=&ast=OL&vt=w&slr=true&rtp=0&cs=1_aee5da77&cb=1541977482639&jobListingId=2939339730
2822860338,3.0,healthcare data analyst,Moda Health,Portland,OR,56,75,https://www.glassdoor.com/partner/jobListing.htm?pos=502&ao=4345&s=58&guid=00000167050523a4bc4147cb67bd9290&src=GD_JOB_AD&t=SR&extid=1&exst=OL&ist=&ast=OL&vt=w&slr=true&rtp=0&cs=1_e41948b6&cb=1541977482640&jobListingId=2822860338
3004706347,3.8,data analyst,Collabera,Portland,OR,nan,nan,https://www.glassdoor.com/partner/jobListing.htm?pos=503&ao=278067&s=58&guid=00000167050523a4bc4147cb67bd9290&src=GD_JOB_AD&t=SR&extid=1&exst=OL&ist=&ast=OL&vt=w&slr=true&rtp=0&cs=1_d1aff40d&cb=1541977482641&jobListingId=3004706347
3014445779,3.9,senior data analyst marketplace analytics multiple openings,Nike,Beaverton,OR,94,122,https://www.glassdoor.com/partner/jobListing.htm?pos=504&ao=352789&s=58&guid=00000167050523a4bc4147cb67bd9290&src=GD_JOB_AD&t=SR&extid=1&exst=OL&ist=&ast=OL&vt=w&slr=true&rtp=0&cs=1_a0096b5d&cb=1541977482642&jobListingId=3014445779
3019348408,4.7,data analyst,Vitamin T,Beaverton,OR,nan,nan,https://www.glassdoor.com/partner/jobListing.htm?pos=505&ao=133087&s=58&guid=00000167050523a4bc4147cb67bd9290&src=GD_JOB_AD&t=SR&extid=1&exst=OL&ist=&ast=OL&vt=w&slr=true&rtp=0&cs=1_adc1cb17&cb=1541977482643&jobListingId=3019348408
3016723937,3.3,healthcare analytics manager,Ajilon Professional Staffing,Portland,OR,56,85,https://www.glassdoor.com/partner/jobListing.htm?pos=506&ao=372858&s=58&guid=00000167050523a4bc4147cb67bd9290&src=GD_JOB_AD&t=SR&extid=1&exst=OL&ist=&ast=OL&vt=w&slr=true&rtp=0&cs=1_a397deeb&cb=1541977482644&jobListingId=3016723937
3014540628,3.8,data analyst -,Collabera,Portland,OR,nan,nan,https://www.glassdoor.com/partner/jobListing.htm?pos=507&ao=352789&s=58&guid=00000167050523a4bc4147cb67bd9290&src=GD_JOB_AD&t=SR&extid=1&exst=OL&ist=&ast=OL&vt=w&slr=true&rtp=0&cs=1_81be4c03&cb=1541977482645&jobListingId=3014540628
3003413003,3.6,data analyst,Spectraforce Technologies Inc,Portland,OR,nan,nan,https://www.glassdoor.com/partner/jobListing.htm?pos=508&ao=69712&s=58&guid=00000167050523a4bc4147cb67bd9290&src=GD_JOB_AD&t=SR&extid=1&exst=OL&ist=&ast=OL&vt=w&slr=true&rtp=0&cs=1_2c6d6af3&cb=1541977482646&jobListingId=3003413003
2746793177,3.9,category analytics manager - global integrated knowledge,Nike,Portland,OR,70,105,https://www.glassdoor.com/partner/jobListing.htm?pos=509&ao=133385&s=58&guid=00000167050523a4bc4147cb67bd9290&src=GD_JOB_AD&t=SR&extid=1&exst=OL&ist=&ast=OL&vt=w&slr=true&rtp=0&cs=1_566c1614&cb=1541977482647&jobListingId=2746793177
2808284755,4.1,data analysts,RGP,Portland,OR,nan,nan,https://www.glassdoor.com/partner/jobListing.htm?pos=510&ao=133007&s=58&guid=00000167050523a4bc4147cb67bd9290&src=GD_JOB_AD&t=SR&extid=1&exst=OL&ist=&ast=OL&vt=w&slr=true&rtp=0&cs=1_e162b371&cb=1541977482648&jobListingId=2808284755
2941729022,3.9,director of data science,Nike,Portland,OR,111,167,https://www.glassdoor.com/partner/jobListing.htm?pos=511&ao=133385&s=58&guid=00000167050523a4bc4147cb67bd9290&src=GD_JOB_AD&t=SR&extid=1&exst=OL&ist=&ast=OL&vt=w&slr=true&rtp=0&cs=1_04244de7&cb=1541977482649&jobListingId=2941729022
2988014372,2.7,data engineer,Gemini,Portland,OR,nan,nan,https://www.glassdoor.com/partner/jobListing.htm?pos=512&ao=4120&s=58&guid=00000167050523a4bc4147cb67bd9290&src=GD_JOB_AD&t=SR&extid=1&exst=OL&ist=&ast=OL&vt=w&slr=true&rtp=0&cs=1_aea8ee2f&cb=1541977482650&jobListingId=2988014372
2915387203,1.7,bioinformatics scientist,Centrillion,Hillsboro,OR,67,98,https://www.glassdoor.com/partner/jobListing.htm?pos=513&ao=8095&s=58&guid=00000167050523a4bc4147cb67bd9290&src=GD_JOB_AD&t=SR&extid=1&exst=OL&ist=&ast=OL&vt=w&slr=true&rtp=0&cs=1_a3ef5606&cb=1541977482651&jobListingId=2915387203
2575458443,3.2,capital planning modeler/quantitative analyst,Umpqua Bank,Portland,OR,60,99,https://www.glassdoor.com/partner/jobListing.htm?pos=514&ao=4132&s=58&guid=00000167050523a4bc4147cb67bd9290&src=GD_JOB_AD&t=SR&extid=1&exst=OL&ist=&ast=OL&vt=w&slr=true&rtp=0&cs=1_0e482042&cb=1541977482652&jobListingId=2575458443
2536856918,3.2,global digital analytics manager,Blueocean Market Intelligence,Portland,OR,69,103,https://www.glassdoor.com/partner/jobListing.htm?pos=515&ao=4341&s=58&guid=00000167050523a4bc4147cb67bd9290&src=GD_JOB_AD&t=SR&extid=1&exst=OL&ist=&ast=OL&vt=w&slr=true&rtp=0&aa=1&ea=1&cs=1_5b1c74e0&cb=1541977482654&jobListingId=2536856918
3020280831,3.3,"data engineer data quality & sqp, spark, python , aws",Nityo Infotech Corporation,Portland,OR,84,96,https://www.glassdoor.com/partner/jobListing.htm?pos=516&ao=242359&s=58&guid=00000167050523a4bc4147cb67bd9290&src=GD_JOB_AD&t=SR&extid=1&exst=OL&ist=&ast=OL&vt=w&slr=true&rtp=0&cs=1_9ff70545&cb=1541977482654&jobListingId=3020280831
2960877030,3.9,"senior engineer, data & analytics",Nike,Beaverton,OR,110,124,https://www.glassdoor.com/partner/jobListing.htm?pos=517&ao=133385&s=58&guid=00000167050523a4bc4147cb67bd9290&src=GD_JOB_AD&t=SR&extid=1&exst=OL&ist=&ast=OL&vt=w&slr=true&rtp=0&cs=1_5c4e9031&cb=1541977482656&jobListingId=2960877030
2894566379,3.7,big data engineer,ServerLogic,Beaverton,OR,nan,nan,https://www.glassdoor.com/partner/jobListing.htm?pos=518&ao=225321&s=58&guid=00000167050523a4bc4147cb67bd9290&src=GD_JOB_AD&t=SR&extid=1&exst=OL&ist=&ast=OL&vt=w&slr=true&rtp=0&cs=1_df6cf936&cb=1541977482657&jobListingId=2894566379
2990108885,5.0,data engineer iv,Lexicon Solutions,Portland,OR,nan,nan,https://www.glassdoor.com/partner/jobListing.htm?pos=519&ao=4120&s=58&guid=00000167050523a4bc4147cb67bd9290&src=GD_JOB_AD&t=SR&extid=1&exst=OL&ist=&ast=OL&vt=w&slr=true&rtp=0&cs=1_9840fdd6&cb=1541977482658&jobListingId=2990108885
2328227541,4.4,cloud data engineer,Slalom LLC.,Portland,OR,110,125,https://www.glassdoor.com/partner/jobListing.htm?pos=520&ao=133063&s=58&guid=00000167050523a4bc4147cb67bd9290&src=GD_JOB_AD&t=SR&extid=1&exst=OL&ist=&ast=OL&vt=w&slr=true&rtp=0&cs=1_377d589f&cb=1541977482659&jobListingId=2328227541
3017431651,3.9,"director, global product and merchandising analytics (gpma) technology enterprise data & analytics",Nike,Beaverton,OR,138,201,https://www.glassdoor.com/partner/jobListing.htm?pos=521&ao=352789&s=58&guid=00000167050523a4bc4147cb67bd9290&src=GD_JOB_AD&t=SR&extid=1&exst=OL&ist=&ast=OL&vt=w&slr=true&rtp=0&cs=1_e30eb488&cb=1541977482660&jobListingId=3017431651
2989623577,4.5,data & analytics senior business systems analyst,Centizen,Beaverton,OR,nan,nan,https://www.glassdoor.com/partner/jobListing.htm?pos=522&ao=4120&s=58&guid=00000167050523a4bc4147cb67bd9290&src=GD_JOB_AD&t=SR&extid=1&exst=OL&ist=&ast=OL&vt=w&slr=true&rtp=0&cs=1_5f39b19e&cb=1541977482662&jobListingId=2989623577
3017868935,3.5,lead data engineer,Columbia Sportswear,Portland,OR,75,86,https://www.glassdoor.com/partner/jobListing.htm?pos=523&ao=136098&s=58&guid=00000167050523a4bc4147cb67bd9290&src=GD_JOB_AD&t=SR&extid=1&exst=OL&ist=&ast=OL&vt=w&slr=true&rtp=0&cs=1_bd341998&cb=1541977482663&jobListingId=3017868935
2984702026,3.5,data analyst / report writer (information systems specialist 5),State of Oregon,Portland,OR,70,89,https://www.glassdoor.com/partner/jobListing.htm?pos=524&ao=4135&s=58&guid=00000167050523a4bc4147cb67bd9290&src=GD_JOB_AD&t=SR&extid=1&exst=OL&ist=&ast=OL&vt=w&slr=true&rtp=0&cs=1_1eec827c&cb=1541977482664&jobListingId=2984702026
2668886936,5.0,principal computer scientist,Galois,Portland,OR,nan,nan,https://www.glassdoor.com/partner/jobListing.htm?pos=525&ao=4120&s=58&guid=00000167050523a4bc4147cb67bd9290&src=GD_JOB_AD&t=SR&extid=1&exst=OL&ist=&ast=OL&vt=w&slr=true&rtp=0&cs=1_d8a57ab2&cb=1541977482665&jobListingId=2668886936
2989660543,4.6,data & analytics senior business systems analyst,BizTek People,Beaverton,OR,88,139,https://www.glassdoor.com/partner/jobListing.htm?pos=526&ao=4120&s=58&guid=00000167050523a4bc4147cb67bd9290&src=GD_JOB_AD&t=SR&extid=1&exst=OL&ist=&ast=OL&vt=w&slr=true&rtp=0&cs=1_a63df2ed&cb=1541977482666&jobListingId=2989660543
2990105511,5.0,data engineer iii,Lexicon Solutions,Portland,OR,nan,nan,https://www.glassdoor.com/partner/jobListing.htm?pos=527&ao=4120&s=58&guid=00000167050523a4bc4147cb67bd9290&src=GD_JOB_AD&t=SR&extid=1&exst=OL&ist=&ast=OL&vt=w&slr=true&rtp=0&cs=1_d3394635&cb=1541977482667&jobListingId=2990105511
3011959232,4.0,sr. big data engineer,Markit,Vancouver,WA,nan,nan,https://www.glassdoor.com/partner/jobListing.htm?pos=528&ao=212128&s=58&guid=00000167050523a4bc4147cb67bd9290&src=GD_JOB_AD&t=SR&extid=1&exst=OL&ist=&ast=OL&vt=w&slr=true&rtp=0&cs=1_e73e1900&cb=1541977482668&jobListingId=3011959232
3016240165,3.2,senior data engineer -,"Apex Systems, Inc",Portland,OR,nan,nan,https://www.glassdoor.com/partner/jobListing.htm?pos=529&ao=352789&s=58&guid=00000167050523a4bc4147cb67bd9290&src=GD_JOB_AD&t=SR&extid=1&exst=OL&ist=&ast=OL&vt=w&slr=true&rtp=0&cs=1_bb5ea61f&cb=1541977482669&jobListingId=3016240165
3014421636,3.9,"lead data engineer demand sensing, enterprise data & analytics",Nike,Beaverton,OR,97,110,https://www.glassdoor.com/partner/jobListing.htm?pos=530&ao=352789&s=58&guid=00000167050523a4bc4147cb67bd9290&src=GD_JOB_AD&t=SR&extid=1&exst=OL&ist=&ast=OL&vt=w&slr=true&rtp=0&cs=1_ec92407b&cb=1541977482671&jobListingId=3014421636
3019884181,4.2,data analyst,Aquent,Beaverton,OR,nan,nan,https://www.glassdoor.com/partner/jobListing.htm?pos=601&ao=133087&s=58&guid=0000016705055c4792858cc392d9a2a0&src=GD_JOB_AD&t=SR&extid=1&exst=OL&ist=&ast=OL&vt=w&slr=true&rtp=0&cs=1_4450b6bb&cb=1541977497001&jobListingId=3019884181
2918392978,3.4,healthcare data analyst 1,Providence Health & Services,Portland,OR,81,106,https://www.glassdoor.com/partner/jobListing.htm?pos=602&ao=3839&s=58&guid=0000016705055c4792858cc392d9a2a0&src=GD_JOB_AD&t=SR&extid=1&exst=OL&ist=&ast=OL&vt=w&slr=true&rtp=0&cs=1_5d63adc1&cb=1541977497002&jobListingId=2918392978
3012511933,2.9,intern scientist i,CorTech,Hillsboro,OR,55,79,https://www.glassdoor.com/partner/jobListing.htm?pos=603&ao=352789&s=58&guid=0000016705055c4792858cc392d9a2a0&src=GD_JOB_AD&t=SR&extid=1&exst=OL&ist=&ast=OL&vt=w&slr=true&rtp=0&cs=1_e3f17a10&cb=1541977497003&jobListingId=3012511933
3015410569,3.9,data engineer,Nike,Beaverton,OR,83,94,https://www.glassdoor.com/partner/jobListing.htm?pos=604&ao=320811&s=58&guid=0000016705055c4792858cc392d9a2a0&src=GD_JOB_AD&t=SR&extid=1&exst=OL&ist=&ast=OL&vt=w&slr=true&rtp=0&cs=1_5e660751&cb=1541977497004&jobListingId=3015410569
3013093172,4.0,data science internship,HP Inc.,Vancouver,WA,nan,nan,https://www.glassdoor.com/partner/jobListing.htm?pos=605&ao=135508&s=58&guid=0000016705055c4792858cc392d9a2a0&src=GD_JOB_AD&t=SR&extid=1&exst=OL&ist=&ast=OL&vt=w&slr=true&rtp=0&cs=1_153cc2f2&cb=1541977497005&jobListingId=3013093172
3002459958,3.2,bsa consumer data engineering,Apex Systems,Beaverton,OR,nan,nan,https://www.glassdoor.com/partner/jobListing.htm?pos=606&ao=372858&s=58&guid=0000016705055c4792858cc392d9a2a0&src=GD_JOB_AD&t=SR&extid=1&exst=OL&ist=&ast=OL&vt=w&slr=true&rtp=0&cs=1_4fea4e54&cb=1541977497006&jobListingId=3002459958
2984273196,2.6,data analyst / report writer,Oregon Oregon Health Authority,Portland,OR,65,86,https://www.glassdoor.com/partner/jobListing.htm?pos=607&ao=4135&s=58&guid=0000016705055c4792858cc392d9a2a0&src=GD_JOB_AD&t=SR&extid=1&exst=OL&ist=&ast=OL&vt=w&slr=true&rtp=0&cs=1_01292671&cb=1541977497008&jobListingId=2984273196
2682649054,4.4,data engineer,Slalom LLC.,Portland,OR,nan,nan,https://www.glassdoor.com/partner/jobListing.htm?pos=608&ao=133063&s=58&guid=0000016705055c4792858cc392d9a2a0&src=GD_JOB_AD&t=SR&extid=1&exst=OL&ist=&ast=OL&vt=w&slr=true&rtp=0&cs=1_524edc21&cb=1541977497009&jobListingId=2682649054
3021318785,3.9,data analyst,Edgelink,Beaverton,OR,nan,nan,https://www.glassdoor.com/partner/jobListing.htm?pos=609&ao=242359&s=58&guid=0000016705055c4792858cc392d9a2a0&src=GD_JOB_AD&t=SR&extid=1&exst=OL&ist=&ast=OL&vt=w&slr=true&rtp=0&cs=1_762926d9&cb=1541977497010&jobListingId=3021318785
2839424040,3.4,data analyst population health,Providence Health & Services,Portland,OR,79,105,https://www.glassdoor.com/partner/jobListing.htm?pos=610&ao=133888&s=58&guid=0000016705055c4792858cc392d9a2a0&src=GD_JOB_AD&t=SR&extid=1&exst=OL&ist=&ast=OL&vt=w&slr=true&rtp=0&cs=1_73fd69f3&cb=1541977497011&jobListingId=2839424040
3021923125,3.2,data analyst,APEX Systems,Hillsboro,OR,nan,nan,https://www.glassdoor.com/partner/jobListing.htm?pos=611&ao=83255&s=58&guid=0000016705055c4792858cc392d9a2a0&src=GD_JOB_AD&t=SR&extid=1&exst=OL&ist=&ast=OL&vt=w&slr=true&rtp=0&cs=1_f32cffed&cb=1541977497011&jobListingId=3021923125
3021320293,4.5,"data analyst, rate-open, duration: 18 months",Centizen,Beaverton,OR,nan,nan,https://www.glassdoor.com/partner/jobListing.htm?pos=612&ao=242359&s=58&guid=0000016705055c4792858cc392d9a2a0&src=GD_JOB_AD&t=SR&extid=1&exst=OL&ist=&ast=OL&vt=w&slr=true&rtp=0&cs=1_8f22b936&cb=1541977497013&jobListingId=3021320293
3005165907,4.4,data analyst 2,Northwest Permanente,Portland,OR,71,94,https://www.glassdoor.com/partner/jobListing.htm?pos=613&ao=52448&s=58&guid=0000016705055c4792858cc392d9a2a0&src=GD_JOB_AD&t=SR&extid=1&exst=OL&ist=&ast=OL&vt=w&slr=true&rtp=0&cs=1_454a0090&cb=1541977497013&jobListingId=3005165907
2942867810,4.5,data engineer,Centizen,Beaverton,OR,nan,nan,https://www.glassdoor.com/partner/jobListing.htm?pos=614&ao=4120&s=58&guid=0000016705055c4792858cc392d9a2a0&src=GD_JOB_AD&t=SR&extid=1&exst=OL&ist=&ast=OL&vt=w&slr=true&rtp=0&cs=1_8574b5c8&cb=1541977497015&jobListingId=2942867810
3015535150,,sr. business systems analyst (bsa) - data & analytics,Aroghia Group,Beaverton,OR,nan,nan,https://www.glassdoor.com/partner/jobListing.htm?pos=615&ao=4134&s=58&guid=0000016705055c4792858cc392d9a2a0&src=GD_JOB_AD&t=SR&extid=1&exst=OL&ist=&ast=OL&vt=w&slr=true&rtp=0&cs=1_ae42daec&cb=1541977497016&jobListingId=3015535150
2741287481,3.9,health data analyst iii decision support,Kaiser Permanente,Portland,OR,70,96,https://www.glassdoor.com/partner/jobListing.htm?pos=616&ao=133520&s=58&guid=0000016705055c4792858cc392d9a2a0&src=GD_JOB_AD&t=SR&extid=1&exst=OL&ist=&ast=OL&vt=w&slr=true&rtp=0&cs=1_4b1f0953&cb=1541977497017&jobListingId=2741287481
2971045956,3.8,i/o circuit research scientist,Intel,Hillsboro,OR,125,173,https://www.glassdoor.com/partner/jobListing.htm?pos=617&ao=132930&s=58&guid=0000016705055c4792858cc392d9a2a0&src=GD_JOB_AD&t=SR&extid=1&exst=OL&ist=&ast=OL&vt=w&slr=true&rtp=0&cs=1_7e92f191&cb=1541977497018&jobListingId=2971045956
2766978513,3.9,health data analyst ii decision support,Kaiser Permanente,Portland,OR,56,78,https://www.glassdoor.com/partner/jobListing.htm?pos=618&ao=133520&s=58&guid=0000016705055c4792858cc392d9a2a0&src=GD_JOB_AD&t=SR&extid=1&exst=OL&ist=&ast=OL&vt=w&slr=true&rtp=0&cs=1_c11fee37&cb=1541977497019&jobListingId=2766978513
3005633713,3.9,software engineer / data analyst,Kforce,Portland,OR,nan,nan,https://www.glassdoor.com/partner/jobListing.htm?pos=619&ao=220345&s=58&guid=0000016705055c4792858cc392d9a2a0&src=GD_JOB_AD&t=SR&extid=1&exst=OL&ist=&ast=OL&vt=w&slr=true&rtp=0&cs=1_b1dd3bfc&cb=1541977497020&jobListingId=3005633713
3005766907,3.3,data analyst/software engineer,Robert Half Technology,Portland,OR,nan,nan,https://www.glassdoor.com/partner/jobListing.htm?pos=620&ao=133516&s=58&guid=0000016705055c4792858cc392d9a2a0&src=GD_JOB_AD&t=SR&extid=1&exst=OL&ist=&ast=OL&vt=w&slr=true&rtp=0&cs=1_04bda1ca&cb=1541977497021&jobListingId=3005766907
2855895039,3.8,senior data analyst,Kongregate,Portland,OR,80,106,https://www.glassdoor.com/partner/jobListing.htm?pos=621&ao=215203&s=58&guid=0000016705055c4792858cc392d9a2a0&src=GD_JOB_AD&t=SR&extid=1&exst=OL&ist=&ast=OL&vt=w&slr=true&rtp=0&cs=1_a8e80157&cb=1541977497023&jobListingId=2855895039
2845484212,3.4,associate professor of education for quantitative research,Concordia University (Oregon),Portland,OR,58,100,https://www.glassdoor.com/partner/jobListing.htm?pos=622&ao=4120&s=58&guid=0000016705055c4792858cc392d9a2a0&src=GD_JOB_AD&t=SR&extid=1&exst=OL&ist=&ast=OL&vt=w&slr=true&rtp=0&cs=1_bb7bae31&cb=1541977497024&jobListingId=2845484212
3018645308,4.5,"sr big data engineer, duration-18 months, rate - open",Centizen,Beaverton,OR,nan,nan,https://www.glassdoor.com/partner/jobListing.htm?pos=623&ao=242359&s=58&guid=0000016705055c4792858cc392d9a2a0&src=GD_JOB_AD&t=SR&extid=1&exst=OL&ist=&ast=OL&vt=w&slr=true&rtp=0&cs=1_be04d452&cb=1541977497025&jobListingId=3018645308
3013956906,3.9,"lead api engineer demand sensing, enterprise data & analytics","Nike, Inc.",Beaverton,OR,110,152,https://www.glassdoor.com/partner/jobListing.htm?pos=624&ao=353321&s=58&guid=0000016705055c4792858cc392d9a2a0&src=GD_JOB_AD&t=SR&extid=1&exst=OL&ist=&ast=OL&vt=w&slr=true&rtp=0&cs=1_5f05d918&cb=1541977497026&jobListingId=3013956906
2865123417,3.5,senior data engineer,Aruba Networks,Portland,OR,132,149,https://www.glassdoor.com/partner/jobListing.htm?pos=625&ao=135897&s=58&guid=0000016705055c4792858cc392d9a2a0&src=GD_JOB_AD&t=SR&extid=1&exst=OL&ist=&ast=OL&vt=w&slr=true&rtp=0&cs=1_ee932a98&cb=1541977497027&jobListingId=2865123417
2907290551,3.4,principal data modeler specialist psjh,Providence Health & Services,Portland,OR,123,176,https://www.glassdoor.com/partner/jobListing.htm?pos=626&ao=133888&s=58&guid=0000016705055c4792858cc392d9a2a0&src=GD_JOB_AD&t=SR&extid=1&exst=OL&ist=&ast=OL&vt=w&slr=true&rtp=0&cs=1_2554f0ab&cb=1541977497028&jobListingId=2907290551
2848312776,3.4,principal data engineer - psjh,Providence Health & Services,Portland,OR,157,177,https://www.glassdoor.com/partner/jobListing.htm?pos=627&ao=133888&s=58&guid=0000016705055c4792858cc392d9a2a0&src=GD_JOB_AD&t=SR&extid=1&exst=OL&ist=&ast=OL&vt=w&slr=true&rtp=0&cs=1_69ea2a77&cb=1541977497030&jobListingId=2848312776
3009302750,3.3,sr. big data engineer,IHS Markit,Vancouver,WA,110,124,https://www.glassdoor.com/partner/jobListing.htm?pos=628&ao=242900&s=58&guid=0000016705055c4792858cc392d9a2a0&src=GD_JOB_AD&t=SR&extid=1&exst=OL&ist=&ast=OL&vt=w&slr=true&rtp=0&cs=1_b30ddd87&cb=1541977497031&jobListingId=3009302750
3003026420,,lead data engineer,ProEnlist,Portland,OR,nan,nan,https://www.glassdoor.com/partner/jobListing.htm?pos=629&ao=4321&s=58&guid=0000016705055c4792858cc392d9a2a0&src=GD_JOB_AD&t=SR&extid=1&exst=OL&ist=&ast=OL&vt=w&slr=true&rtp=0&aa=1&ea=1&cs=1_bd32b0d9&cb=1541977497032&jobListingId=3003026420
2988552363,3.1,lead big data engineer,Acara Solutions,Portland,OR,nan,nan,https://www.glassdoor.com/partner/jobListing.htm?pos=630&ao=188211&s=58&guid=0000016705055c4792858cc392d9a2a0&src=GD_JOB_AD&t=SR&extid=1&exst=OL&ist=&ast=OL&vt=w&slr=true&rtp=0&cs=1_232227aa&cb=1541977497033&jobListingId=2988552363
3001962026,3.1,adobe/web analytics consultant,GSPANN Technologies,Portland,OR,87,106,https://www.glassdoor.com/partner/jobListing.htm?pos=701&ao=242359&s=58&guid=00000167050595ba90ea497a110d4daf&src=GD_JOB_AD&t=SR&extid=1&exst=OL&ist=&ast=OL&vt=w&slr=true&rtp=0&cs=1_e02bb4ba&cb=1541977511717&jobListingId=3001962026
3020190320,1.0,"student information data analyst, 8hrs/day (1.0 fte), full time, perm",North Clackamas Schools,Milwaukie,OR,nan,nan,https://www.glassdoor.com/partner/jobListing.htm?pos=702&ao=173064&s=58&guid=00000167050595ba90ea497a110d4daf&src=GD_JOB_AD&t=SR&extid=1&exst=OL&ist=&ast=OL&vt=w&slr=true&rtp=0&cs=1_5d34fbe6&cb=1541977511718&jobListingId=3020190320
3015406688,3.9,analytics manager planning,Nike,Beaverton,OR,70,105,https://www.glassdoor.com/partner/jobListing.htm?pos=703&ao=320811&s=58&guid=00000167050595ba90ea497a110d4daf&src=GD_JOB_AD&t=SR&extid=1&exst=OL&ist=&ast=OL&vt=w&slr=true&rtp=0&cs=1_884c9d93&cb=1541977511719&jobListingId=3015406688
3020218752,3.7,research scientist,KLA-Tencor Corporation,Beaverton,OR,99,139,https://www.glassdoor.com/partner/jobListing.htm?pos=704&ao=173354&s=58&guid=00000167050595ba90ea497a110d4daf&src=GD_JOB_AD&t=SR&extid=1&exst=OL&ist=&ast=OL&vt=w&slr=true&rtp=0&cs=1_c22c1700&cb=1541977511720&jobListingId=3020218752
3017547943,3.7,data analyst - tableau,ServerLogic,Beaverton,OR,nan,nan,https://www.glassdoor.com/partner/jobListing.htm?pos=705&ao=225321&s=58&guid=00000167050595ba90ea497a110d4daf&src=GD_JOB_AD&t=SR&extid=1&exst=OL&ist=&ast=OL&vt=w&slr=true&rtp=0&cs=1_30205bb9&cb=1541977511722&jobListingId=3017547943
3015769155,,data analyst,Professional Resource Group,Beaverton,OR,nan,nan,https://www.glassdoor.com/partner/jobListing.htm?pos=706&ao=15674&s=58&guid=00000167050595ba90ea497a110d4daf&src=GD_JOB_AD&t=SR&extid=1&exst=OL&ist=&ast=OL&vt=w&slr=true&rtp=0&cs=1_b9ba606a&cb=1541977511723&jobListingId=3015769155
2855894942,3.8,"data analyst, games and marketing",Kongregate,Portland,OR,49,66,https://www.glassdoor.com/partner/jobListing.htm?pos=707&ao=215203&s=58&guid=00000167050595ba90ea497a110d4daf&src=GD_JOB_AD&t=SR&extid=1&exst=OL&ist=&ast=OL&vt=w&slr=true&rtp=0&cs=1_d4b39906&cb=1541977511724&jobListingId=2855894942
3017429762,3.9,analytics manager- planning,Nike,Beaverton,OR,70,105,https://www.glassdoor.com/partner/jobListing.htm?pos=708&ao=352789&s=58&guid=00000167050595ba90ea497a110d4daf&src=GD_JOB_AD&t=SR&extid=1&exst=OL&ist=&ast=OL&vt=w&slr=true&rtp=0&cs=1_686747c5&cb=1541977511725&jobListingId=3017429762
3022120493,3.8,device compact modeling engineer,Intel,Hillsboro,OR,nan,nan,https://www.glassdoor.com/partner/jobListing.htm?pos=709&ao=400784&s=58&guid=00000167050595ba90ea497a110d4daf&src=GD_JOB_AD&t=SR&extid=1&exst=OL&ist=&ast=OL&vt=w&slr=true&rtp=0&cs=1_4fc18b4d&cb=1541977511726&jobListingId=3022120493
3015407995,3.9,sr data engineer - technology,Nike,Beaverton,OR,110,124,https://www.glassdoor.com/partner/jobListing.htm?pos=710&ao=320811&s=58&guid=00000167050595ba90ea497a110d4daf&src=GD_JOB_AD&t=SR&extid=1&exst=OL&ist=&ast=OL&vt=w&slr=true&rtp=0&cs=1_55c5d418&cb=1541977511727&jobListingId=3015407995
3010055573,4.6,data engineer,BizTek People,Beaverton,OR,108,124,https://www.glassdoor.com/partner/jobListing.htm?pos=711&ao=4120&s=58&guid=00000167050595ba90ea497a110d4daf&src=GD_JOB_AD&t=SR&extid=1&exst=OL&ist=&ast=OL&vt=w&slr=true&rtp=0&cs=1_431a4c10&cb=1541977511728&jobListingId=3010055573
3018495378,3.8,research scientist - machine learning,Intel Corporation,Hillsboro,OR,111,155,https://www.glassdoor.com/partner/jobListing.htm?pos=712&ao=352789&s=58&guid=00000167050595ba90ea497a110d4daf&src=GD_JOB_AD&t=SR&extid=1&exst=OL&ist=&ast=OL&vt=w&slr=true&rtp=0&cs=1_d7c75b46&cb=1541977511730&jobListingId=3018495378
2696424450,4.1,data science team lead,Vacasa,Portland,OR,40,67,https://www.glassdoor.com/partner/jobListing.htm?pos=713&ao=182894&s=58&guid=00000167050595ba90ea497a110d4daf&src=GD_JOB_AD&t=SR&extid=1&exst=OL&ist=&ast=OL&vt=w&slr=true&rtp=0&cs=1_babac7f9&cb=1541977511730&jobListingId=2696424450
3006181891,3.2,customer analytics consultant,Umpqua Bank,Portland,OR,73,94,https://www.glassdoor.com/partner/jobListing.htm?pos=714&ao=182894&s=58&guid=00000167050595ba90ea497a110d4daf&src=GD_JOB_AD&t=SR&extid=1&exst=OL&ist=&ast=OL&vt=w&slr=true&rtp=0&cs=1_c0798915&cb=1541977511732&jobListingId=3006181891
2997572269,3.5,credit risk analytic consultant 3,Wells Fargo,Beaverton,OR,74,109,https://www.glassdoor.com/partner/jobListing.htm?pos=715&ao=346069&s=58&guid=00000167050595ba90ea497a110d4daf&src=GD_JOB_AD&t=SR&extid=1&exst=OL&ist=&ast=OL&vt=w&slr=true&rtp=0&cs=1_d4f9f9c9&cb=1541977511733&jobListingId=2997572269
2986124662,4.5,big data engineer,Centizen,Beaverton,OR,nan,nan,https://www.glassdoor.com/partner/jobListing.htm?pos=716&ao=4120&s=58&guid=00000167050595ba90ea497a110d4daf&src=GD_JOB_AD&t=SR&extid=1&exst=OL&ist=&ast=OL&vt=w&slr=true&rtp=0&cs=1_cedf052e&cb=1541977511734&jobListingId=2986124662
2910705557,3.8,new business development research scientist,Fujimi - Oregon,Tualatin,OR,nan,nan,https://www.glassdoor.com/partner/jobListing.htm?pos=717&ao=4120&s=58&guid=00000167050595ba90ea497a110d4daf&src=GD_JOB_AD&t=SR&extid=1&exst=OL&ist=&ast=OL&vt=w&slr=true&rtp=0&cs=1_79a582f3&cb=1541977511735&jobListingId=2910705557
3009198505,4.5,data engineer -,Centizen,Beaverton,OR,nan,nan,https://www.glassdoor.com/partner/jobListing.htm?pos=718&ao=4120&s=58&guid=00000167050595ba90ea497a110d4daf&src=GD_JOB_AD&t=SR&extid=1&exst=OL&ist=&ast=OL&vt=w&slr=true&rtp=0&cs=1_90dcdd51&cb=1541977511736&jobListingId=3009198505
2998941981,3.4,principal data engineer - psjh -,Providence Health & Services,Portland,OR,157,177,https://www.glassdoor.com/partner/jobListing.htm?pos=719&ao=352789&s=58&guid=00000167050595ba90ea497a110d4daf&src=GD_JOB_AD&t=SR&extid=1&exst=OL&ist=&ast=OL&vt=w&slr=true&rtp=0&cs=1_94bef10d&cb=1541977511737&jobListingId=2998941981
3008646960,3.4,data analyst (alteryx/tableau),Kelly Services,Beaverton,OR,nan,nan,https://www.glassdoor.com/partner/jobListing.htm?pos=720&ao=255490&s=58&guid=00000167050595ba90ea497a110d4daf&src=GD_JOB_AD&t=SR&extid=1&exst=OL&ist=&ast=OL&vt=w&slr=true&rtp=0&cs=1_900fe136&cb=1541977511738&jobListingId=3008646960
2915922841,4.4,senior data analyst,Wallero,Hillsboro,OR,nan,nan,https://www.glassdoor.com/partner/jobListing.htm?pos=721&ao=242359&s=58&guid=00000167050595ba90ea497a110d4daf&src=GD_JOB_AD&t=SR&extid=1&exst=OL&ist=&ast=OL&vt=w&slr=true&rtp=0&cs=1_9c5195d9&cb=1541977511739&jobListingId=2915922841
3020287798,4.5,"data engineer, rate: open, duration: 18 months",Centizen,Beaverton,OR,nan,nan,https://www.glassdoor.com/partner/jobListing.htm?pos=722&ao=242359&s=58&guid=00000167050595ba90ea497a110d4daf&src=GD_JOB_AD&t=SR&extid=1&exst=OL&ist=&ast=OL&vt=w&slr=true&rtp=0&cs=1_0a08c204&cb=1541977511740&jobListingId=3020287798
2949121670,,senior data analyst,Digital Ocean Jobs,Portland,OR,nan,nan,https://www.glassdoor.com/partner/jobListing.htm?pos=723&ao=8095&s=58&guid=00000167050595ba90ea497a110d4daf&src=GD_JOB_AD&t=SR&extid=1&exst=OL&ist=&ast=OL&vt=w&slr=true&rtp=0&cs=1_ba0d4591&cb=1541977511741&jobListingId=2949121670
3002588150,3.4,sr clinical data engineer - psjh,Providence Health & Services,Portland,OR,133,150,https://www.glassdoor.com/partner/jobListing.htm?pos=724&ao=352789&s=58&guid=00000167050595ba90ea497a110d4daf&src=GD_JOB_AD&t=SR&extid=1&exst=OL&ist=&ast=OL&vt=w&slr=true&rtp=0&cs=1_e55423c2&cb=1541977511742&jobListingId=3002588150
3020285439,4.5,"devops/data engineer, rate-open, duration: 18 months",Centizen,Beaverton,OR,nan,nan,https://www.glassdoor.com/partner/jobListing.htm?pos=725&ao=242359&s=58&guid=00000167050595ba90ea497a110d4daf&src=GD_JOB_AD&t=SR&extid=1&exst=OL&ist=&ast=OL&vt=w&slr=true&rtp=0&cs=1_6636fb1c&cb=1541977511743&jobListingId=3020285439
3005583983,4.9,senior data engineer,IGNW,Beaverton,OR,nan,nan,https://www.glassdoor.com/partner/jobListing.htm?pos=726&ao=242359&s=58&guid=00000167050595ba90ea497a110d4daf&src=GD_JOB_AD&t=SR&extid=1&exst=OL&ist=&ast=OL&vt=w&slr=true&rtp=0&cs=1_50836c3e&cb=1541977511745&jobListingId=3005583983
2836541917,4.0,sr. data engineer,Upsight,Portland,OR,135,153,https://www.glassdoor.com/partner/jobListing.htm?pos=727&ao=4128&s=58&guid=00000167050595ba90ea497a110d4daf&src=GD_JOB_AD&t=SR&extid=1&exst=OL&ist=&ast=OL&vt=w&slr=true&rtp=0&cs=1_105bfdb5&cb=1541977511746&jobListingId=2836541917
3016244454,3.7,sr. data engineer,Serverlogic,Beaverton,OR,nan,nan,https://www.glassdoor.com/partner/jobListing.htm?pos=728&ao=352789&s=58&guid=00000167050595ba90ea497a110d4daf&src=GD_JOB_AD&t=SR&extid=1&exst=OL&ist=&ast=OL&vt=w&slr=true&rtp=0&cs=1_588cfcb5&cb=1541977511747&jobListingId=3016244454
3003600034,,lead data engineer,Ovation Talent Solutions,Portland,OR,nan,nan,https://www.glassdoor.com/partner/jobListing.htm?pos=729&ao=9619&s=58&guid=00000167050595ba90ea497a110d4daf&src=GD_JOB_AD&t=SR&extid=1&exst=OL&ist=&ast=OL&vt=w&slr=true&rtp=0&cs=1_1b66acf4&cb=1541977511748&jobListingId=3003600034
3015409102,3.9,big data engineering lead digital engineering,Nike,Beaverton,OR,97,110,https://www.glassdoor.com/partner/jobListing.htm?pos=730&ao=320811&s=58&guid=00000167050595ba90ea497a110d4daf&src=GD_JOB_AD&t=SR&extid=1&exst=OL&ist=&ast=OL&vt=w&slr=true&rtp=0&cs=1_f823286f&cb=1541977511749&jobListingId=3015409102
3018381601,3.8,memory architecture research scientist -,Intel Corporation,Hillsboro,OR,111,155,https://www.glassdoor.com/partner/jobListing.htm?pos=801&ao=352789&s=58&guid=000001670505d0ff9b2052e03de4a982&src=GD_JOB_AD&t=SR&extid=1&exst=OL&ist=&ast=OL&vt=w&slr=true&rtp=0&cs=1_e2e5fd2e&cb=1541977526893&jobListingId=3018381601
3016415156,2.9,data analyst*,CorTech,Beaverton,OR,54,74,https://www.glassdoor.com/partner/jobListing.htm?pos=802&ao=352789&s=58&guid=000001670505d0ff9b2052e03de4a982&src=GD_JOB_AD&t=SR&extid=1&exst=OL&ist=&ast=OL&vt=w&slr=true&rtp=0&cs=1_69af2ab7&cb=1541977526895&jobListingId=3016415156
3018396751,3.8,research scientist cognitive neuroscience,Intel Corporation,Hillsboro,OR,111,155,https://www.glassdoor.com/partner/jobListing.htm?pos=803&ao=352789&s=58&guid=000001670505d0ff9b2052e03de4a982&src=GD_JOB_AD&t=SR&extid=1&exst=OL&ist=&ast=OL&vt=w&slr=true&rtp=0&cs=1_dd325158&cb=1541977526896&jobListingId=3018396751
3006657894,3.5,data analyst,U.S. Bank,Gresham,OR,63,83,https://www.glassdoor.com/partner/jobListing.htm?pos=804&ao=157444&s=58&guid=000001670505d0ff9b2052e03de4a982&src=GD_JOB_AD&t=SR&extid=1&exst=OL&ist=&ast=OL&vt=w&slr=true&rtp=0&cs=1_296df28b&cb=1541977526897&jobListingId=3006657894
3000389627,3.2,data modeler,Information Innovators,Vancouver,WA,80,115,https://www.glassdoor.com/partner/jobListing.htm?pos=805&ao=4008&s=58&guid=000001670505d0ff9b2052e03de4a982&src=GD_JOB_AD&t=SR&extid=1&exst=OL&ist=&ast=OL&vt=w&slr=true&rtp=0&cs=1_9d90a881&cb=1541977526898&jobListingId=3000389627
3020979303,4.5,bsa/data analyst -,Centizen,Hillsboro,OR,nan,nan,https://www.glassdoor.com/partner/jobListing.htm?pos=806&ao=4120&s=58&guid=000001670505d0ff9b2052e03de4a982&src=GD_JOB_AD&t=SR&extid=1&exst=OL&ist=&ast=OL&vt=w&slr=true&rtp=0&cs=1_d1d8e615&cb=1541977526899&jobListingId=3020979303
2325791628,3.2,marketing data analyst,Blueocean Market Intelligence,Hillsboro,OR,62,81,https://www.glassdoor.com/partner/jobListing.htm?pos=807&ao=4341&s=58&guid=000001670505d0ff9b2052e03de4a982&src=GD_JOB_AD&t=SR&extid=1&exst=OL&ist=&ast=OL&vt=w&slr=true&rtp=0&aa=1&ea=1&cs=1_d646e562&cb=1541977526900&jobListingId=2325791628
2956057274,3.9,"lead api engineer - demand sensing, enterprise data & analytics",Nike,Beaverton,OR,110,152,https://www.glassdoor.com/partner/jobListing.htm?pos=808&ao=400784&s=58&guid=000001670505d0ff9b2052e03de4a982&src=GD_JOB_AD&t=SR&extid=1&exst=OL&ist=&ast=OL&vt=w&slr=true&rtp=0&cs=1_e52ffa1d&cb=1541977526901&jobListingId=2956057274
2955965961,3.9,senior data analyst - marketplace analytics - multiple openings,Nike,Beaverton,OR,94,122,https://www.glassdoor.com/partner/jobListing.htm?pos=809&ao=400784&s=58&guid=000001670505d0ff9b2052e03de4a982&src=GD_JOB_AD&t=SR&extid=1&exst=OL&ist=&ast=OL&vt=w&slr=true&rtp=0&cs=1_2f122586&cb=1541977526903&jobListingId=2955965961
2944526953,,data analyst (sql server),Macropace Technologies,Hillsboro,OR,nan,nan,https://www.glassdoor.com/partner/jobListing.htm?pos=810&ao=14295&s=58&guid=000001670505d0ff9b2052e03de4a982&src=GD_JOB_AD&t=SR&extid=1&exst=OL&ist=&ast=OL&vt=w&slr=true&rtp=0&aa=1&ea=1&cs=1_05fbfb0e&cb=1541977526904&jobListingId=2944526953
3018394006,3.8,device compact modeling engineer -,Intel Corporation,Hillsboro,OR,nan,nan,https://www.glassdoor.com/partner/jobListing.htm?pos=811&ao=352789&s=58&guid=000001670505d0ff9b2052e03de4a982&src=GD_JOB_AD&t=SR&extid=1&exst=OL&ist=&ast=OL&vt=w&slr=true&rtp=0&cs=1_29b31066&cb=1541977526905&jobListingId=3018394006
3012260703,3.1,data modeler ii,Salient CRGT,Vancouver,WA,83,124,https://www.glassdoor.com/partner/jobListing.htm?pos=812&ao=85058&s=58&guid=000001670505d0ff9b2052e03de4a982&src=GD_JOB_AD&t=SR&extid=1&exst=OL&ist=&ast=OL&vt=w&slr=true&rtp=0&cs=1_2ec9f622&cb=1541977526906&jobListingId=3012260703
2998678381,,it data analyst,Ardon,Portland,OR,nan,nan,https://www.glassdoor.com/partner/jobListing.htm?pos=813&ao=4345&s=58&guid=000001670505d0ff9b2052e03de4a982&src=GD_JOB_AD&t=SR&extid=1&exst=OL&ist=&ast=OL&vt=w&slr=true&rtp=0&cs=1_46977167&cb=1541977526907&jobListingId=2998678381
2955936772,3.9,"lead machine learning engineer - demand sensing, enterprise data & analytics",Nike,Beaverton,OR,130,171,https://www.glassdoor.com/partner/jobListing.htm?pos=814&ao=400784&s=58&guid=000001670505d0ff9b2052e03de4a982&src=GD_JOB_AD&t=SR&extid=1&exst=OL&ist=&ast=OL&vt=w&slr=true&rtp=0&cs=1_f8cb77c0&cb=1541977526908&jobListingId=2955936772
3003767291,4.1,data modeler,"TAD PGS, Inc.",Vancouver,WA,67,100,https://www.glassdoor.com/partner/jobListing.htm?pos=815&ao=400784&s=58&guid=000001670505d0ff9b2052e03de4a982&src=GD_JOB_AD&t=SR&extid=1&exst=OL&ist=&ast=OL&vt=w&slr=true&rtp=0&cs=1_956ad8aa&cb=1541977526909&jobListingId=3003767291
2834897295,3.7,employee relations data analyst,24 Seven Talent,Beaverton,OR,55,76,https://www.glassdoor.com/partner/jobListing.htm?pos=816&ao=133131&s=58&guid=000001670505d0ff9b2052e03de4a982&src=GD_JOB_AD&t=SR&extid=1&exst=OL&ist=&ast=OL&vt=w&slr=true&rtp=0&cs=1_d2d2712f&cb=1541977526911&jobListingId=2834897295
2987432196,3.8,"research scientist (ai, application analyses, fpga",Intel,Hillsboro,OR,111,155,https://www.glassdoor.com/partner/jobListing.htm?pos=817&ao=132930&s=58&guid=000001670505d0ff9b2052e03de4a982&src=GD_JOB_AD&t=SR&extid=1&exst=OL&ist=&ast=OL&vt=w&slr=true&rtp=0&cs=1_a7b94510&cb=1541977526912&jobListingId=2987432196
3009640760,4.7,big data engineer,Avani Technology Solutions Inc,Hillsboro,OR,89,101,https://www.glassdoor.com/partner/jobListing.htm?pos=818&ao=242359&s=58&guid=000001670505d0ff9b2052e03de4a982&src=GD_JOB_AD&t=SR&extid=1&exst=OL&ist=&ast=OL&vt=w&slr=true&rtp=0&cs=1_32e9ec3c&cb=1541977526913&jobListingId=3009640760
3001229717,4.5,data engineer,Centizen,Beaverton,OR,nan,nan,https://www.glassdoor.com/partner/jobListing.htm?pos=819&ao=4120&s=58&guid=000001670505d0ff9b2052e03de4a982&src=GD_JOB_AD&t=SR&extid=1&exst=OL&ist=&ast=OL&vt=w&slr=true&rtp=0&cs=1_a8bfb183&cb=1541977526914&jobListingId=3001229717
3002001193,3.9,data engineer,Kforce,Beaverton,OR,nan,nan,https://www.glassdoor.com/partner/jobListing.htm?pos=820&ao=220345&s=58&guid=000001670505d0ff9b2052e03de4a982&src=GD_JOB_AD&t=SR&extid=1&exst=OL&ist=&ast=OL&vt=w&slr=true&rtp=0&cs=1_e8dc43c6&cb=1541977526915&jobListingId=3002001193
2875942493,4.5,devops/data engineer -,Centizen,Beaverton,OR,nan,nan,https://www.glassdoor.com/partner/jobListing.htm?pos=821&ao=4120&s=58&guid=000001670505d0ff9b2052e03de4a982&src=GD_JOB_AD&t=SR&extid=1&exst=OL&ist=&ast=OL&vt=w&slr=true&rtp=0&cs=1_16b3d2df&cb=1541977526917&jobListingId=2875942493
2984279781,3.9,big data engineering lead - nike digital engineering,Nike,Beaverton,OR,97,110,https://www.glassdoor.com/partner/jobListing.htm?pos=822&ao=133385&s=58&guid=000001670505d0ff9b2052e03de4a982&src=GD_JOB_AD&t=SR&extid=1&exst=OL&ist=&ast=OL&vt=w&slr=true&rtp=0&cs=1_d613140f&cb=1541977526918&jobListingId=2984279781
2955248737,3.9,bi data engineer,Kforce,Vancouver,WA,nan,nan,https://www.glassdoor.com/partner/jobListing.htm?pos=823&ao=220345&s=58&guid=000001670505d0ff9b2052e03de4a982&src=GD_JOB_AD&t=SR&extid=1&exst=OL&ist=&ast=OL&vt=w&slr=true&rtp=0&cs=1_ce435111&cb=1541977526919&jobListingId=2955248737
2988150046,3.4,data engineer psjh,Providence Health & Services,Portland,OR,108,123,https://www.glassdoor.com/partner/jobListing.htm?pos=824&ao=321738&s=58&guid=000001670505d0ff9b2052e03de4a982&src=GD_JOB_AD&t=SR&extid=1&exst=OL&ist=&ast=OL&vt=w&slr=true&rtp=0&cs=1_afdc2657&cb=1541977526920&jobListingId=2988150046
2900876222,4.5,sr data science engineer -,Centizen,Hillsboro,OR,nan,nan,https://www.glassdoor.com/partner/jobListing.htm?pos=825&ao=4120&s=58&guid=000001670505d0ff9b2052e03de4a982&src=GD_JOB_AD&t=SR&extid=1&exst=OL&ist=&ast=OL&vt=w&slr=true&rtp=0&cs=1_b04acef1&cb=1541977526921&jobListingId=2900876222
2923891514,3.9,"director, global product and merchandising analytics (gpma) technology - enterprise data & analytics",Nike,Beaverton,OR,138,201,https://www.glassdoor.com/partner/jobListing.htm?pos=826&ao=400784&s=58&guid=000001670505d0ff9b2052e03de4a982&src=GD_JOB_AD&t=SR&extid=1&exst=OL&ist=&ast=OL&vt=w&slr=true&rtp=0&cs=1_7f40cb3f&cb=1541977526922&jobListingId=2923891514
3014769360,3.9,senior data engineer,Kforce,Hillsboro,OR,nan,nan,https://www.glassdoor.com/partner/jobListing.htm?pos=827&ao=220345&s=58&guid=000001670505d0ff9b2052e03de4a982&src=GD_JOB_AD&t=SR&extid=1&exst=OL&ist=&ast=OL&vt=w&slr=true&rtp=0&cs=1_8abc83e7&cb=1541977526924&jobListingId=3014769360
2988150014,3.4,senior data modeler specialist psjh,Providence Health & Services,Portland,OR,97,138,https://www.glassdoor.com/partner/jobListing.htm?pos=828&ao=321738&s=58&guid=000001670505d0ff9b2052e03de4a982&src=GD_JOB_AD&t=SR&extid=1&exst=OL&ist=&ast=OL&vt=w&slr=true&rtp=0&cs=1_8c43db03&cb=1541977526925&jobListingId=2988150014
2999607134,3.7,data engineer (full time),MashPoint LLC,Beaverton,OR,nan,nan,https://www.glassdoor.com/partner/jobListing.htm?pos=829&ao=242359&s=58&guid=000001670505d0ff9b2052e03de4a982&src=GD_JOB_AD&t=SR&extid=1&exst=OL&ist=&ast=OL&vt=w&slr=true&rtp=0&cs=1_b4d628ea&cb=1541977526926&jobListingId=2999607134
2955808368,3.9,"lead data engineer - demand sensing, enterprise data & analytics",Nike,Beaverton,OR,97,110,https://www.glassdoor.com/partner/jobListing.htm?pos=830&ao=400784&s=58&guid=000001670505d0ff9b2052e03de4a982&src=GD_JOB_AD&t=SR&extid=1&exst=OL&ist=&ast=OL&vt=w&slr=true&rtp=0&cs=1_87981fda&cb=1541977526927&jobListingId=2955808368
2955789843,3.3,marketing business intelligence analyst,Fortive,Beaverton,OR,71,95,https://www.glassdoor.com/partner/jobListing.htm?pos=901&ao=3839&s=58&guid=0000016705060d4ba84c218131b5deeb&src=GD_JOB_AD&t=SR&extid=1&exst=OL&ist=&ast=OL&vt=w&slr=true&rtp=0&cs=1_2fcf3922&cb=1541977542263&jobListingId=2955789843
2993119927,3.9,data and machine learning engineer,Nike,Beaverton,OR,nan,nan,https://www.glassdoor.com/partner/jobListing.htm?pos=902&ao=400784&s=58&guid=0000016705060d4ba84c218131b5deeb&src=GD_JOB_AD&t=SR&extid=1&exst=OL&ist=&ast=OL&vt=w&slr=true&rtp=0&cs=1_867ce90a&cb=1541977542265&jobListingId=2993119927
2827626578,3.3,data analyst,Ebara Technologies,Hillsboro,OR,73,95,https://www.glassdoor.com/partner/jobListing.htm?pos=903&ao=60939&s=58&guid=0000016705060d4ba84c218131b5deeb&src=GD_JOB_AD&t=SR&extid=1&exst=OL&ist=&ast=OL&vt=w&slr=true&rtp=0&cs=1_4d96a45b&cb=1541977542266&jobListingId=2827626578
2967790768,3.9,sr. visual analytics consultant,Nike,Beaverton,OR,102,122,https://www.glassdoor.com/partner/jobListing.htm?pos=904&ao=133385&s=58&guid=0000016705060d4ba84c218131b5deeb&src=GD_JOB_AD&t=SR&extid=1&exst=OL&ist=&ast=OL&vt=w&slr=true&rtp=0&cs=1_f76e5f6f&cb=1541977542267&jobListingId=2967790768
2955734712,2.8,marketing business intelligence analyst,Tektronix,Beaverton,OR,73,97,https://www.glassdoor.com/partner/jobListing.htm?pos=905&ao=3839&s=58&guid=0000016705060d4ba84c218131b5deeb&src=GD_JOB_AD&t=SR&extid=1&exst=OL&ist=&ast=OL&vt=w&slr=true&rtp=0&cs=1_9fa8af23&cb=1541977542269&jobListingId=2955734712
3011428254,3.5,data analyst - mortgage servicing,U.S. Bank,Gresham,OR,63,83,https://www.glassdoor.com/partner/jobListing.htm?pos=906&ao=157444&s=58&guid=0000016705060d4ba84c218131b5deeb&src=GD_JOB_AD&t=SR&extid=1&exst=OL&ist=&ast=OL&vt=w&slr=true&rtp=0&cs=1_23fc2534&cb=1541977542270&jobListingId=3011428254
3011426128,3.5,lead data analyst,U.S. Bank,Gresham,OR,86,111,https://www.glassdoor.com/partner/jobListing.htm?pos=907&ao=359521&s=58&guid=0000016705060d4ba84c218131b5deeb&src=GD_JOB_AD&t=SR&extid=1&exst=OL&ist=&ast=OL&vt=w&slr=true&rtp=0&cs=1_0d0761c1&cb=1541977542271&jobListingId=3011426128
3018434886,3.8,wireless research scientist,Intel Corporation,Hillsboro,OR,111,155,https://www.glassdoor.com/partner/jobListing.htm?pos=908&ao=352789&s=58&guid=0000016705060d4ba84c218131b5deeb&src=GD_JOB_AD&t=SR&extid=1&exst=OL&ist=&ast=OL&vt=w&slr=true&rtp=0&cs=1_9861e7f5&cb=1541977542272&jobListingId=3018434886
2964234597,,"data analyst - sql,python",Aurum Data Solutions,Portland,OR,nan,nan,https://www.glassdoor.com/partner/jobListing.htm?pos=909&ao=242359&s=58&guid=0000016705060d4ba84c218131b5deeb&src=GD_JOB_AD&t=SR&extid=1&exst=OL&ist=&ast=OL&vt=w&slr=true&rtp=0&cs=1_4f41048b&cb=1541977542273&jobListingId=2964234597
2980737122,3.9,intermediate data engineer - nike technology,Nike,Beaverton,OR,83,94,https://www.glassdoor.com/partner/jobListing.htm?pos=910&ao=400784&s=58&guid=0000016705060d4ba84c218131b5deeb&src=GD_JOB_AD&t=SR&extid=1&exst=OL&ist=&ast=OL&vt=w&slr=true&rtp=0&cs=1_e33ed169&cb=1541977542274&jobListingId=2980737122
2956380804,,system/data analyst,Macropace Technologies,Hillsboro,OR,nan,nan,https://www.glassdoor.com/partner/jobListing.htm?pos=911&ao=14295&s=58&guid=0000016705060d4ba84c218131b5deeb&src=GD_JOB_AD&t=SR&extid=1&exst=OL&ist=&ast=OL&vt=w&slr=true&rtp=0&aa=1&ea=1&cs=1_41e58a2f&cb=1541977542276&jobListingId=2956380804
3014225351,3.9,lead data engineer,Nike,Beaverton,OR,97,110,https://www.glassdoor.com/partner/jobListing.htm?pos=912&ao=352789&s=58&guid=0000016705060d4ba84c218131b5deeb&src=GD_JOB_AD&t=SR&extid=1&exst=OL&ist=&ast=OL&vt=w&slr=true&rtp=0&cs=1_dc547a59&cb=1541977542277&jobListingId=3014225351
2909476312,2.9,data analyst-revenue,The Vancouver Clinic,Vancouver,WA,48,65,https://www.glassdoor.com/partner/jobListing.htm?pos=913&ao=176976&s=58&guid=0000016705060d4ba84c218131b5deeb&src=GD_JOB_AD&t=SR&extid=1&exst=OL&ist=&ast=OL&vt=w&slr=true&rtp=0&cs=1_194b976f&cb=1541977542278&jobListingId=2909476312
2915901830,4.5,data engineer-,Centizen,Hillsboro,OR,nan,nan,https://www.glassdoor.com/partner/jobListing.htm?pos=914&ao=4120&s=58&guid=0000016705060d4ba84c218131b5deeb&src=GD_JOB_AD&t=SR&extid=1&exst=OL&ist=&ast=OL&vt=w&slr=true&rtp=0&cs=1_ace6027d&cb=1541977542279&jobListingId=2915901830
2925679805,3.9,integrated knowledge analytics manager - apla nike direct digital commerce,Nike,Beaverton,OR,70,105,https://www.glassdoor.com/partner/jobListing.htm?pos=915&ao=133385&s=58&guid=0000016705060d4ba84c218131b5deeb&src=GD_JOB_AD&t=SR&extid=1&exst=OL&ist=&ast=OL&vt=w&slr=true&rtp=0&cs=1_132f067d&cb=1541977542280&jobListingId=2925679805
3006696455,3.1,data modeler 2,Salient CRGT,Vancouver,WA,83,124,https://www.glassdoor.com/partner/jobListing.htm?pos=916&ao=189299&s=58&guid=0000016705060d4ba84c218131b5deeb&src=GD_JOB_AD&t=SR&extid=1&exst=OL&ist=&ast=OL&vt=w&slr=true&rtp=0&cs=1_7eb4b84f&cb=1541977542282&jobListingId=3006696455
2998762193,3.8,memory architecture research scientist,Intel,Hillsboro,OR,111,155,https://www.glassdoor.com/partner/jobListing.htm?pos=917&ao=132930&s=58&guid=0000016705060d4ba84c218131b5deeb&src=GD_JOB_AD&t=SR&extid=1&exst=OL&ist=&ast=OL&vt=w&slr=true&rtp=0&cs=1_8fbb6260&cb=1541977542283&jobListingId=2998762193
2959706152,3.9,north america transportation data & analytics manager,Nike,Beaverton,OR,70,105,https://www.glassdoor.com/partner/jobListing.htm?pos=918&ao=400784&s=58&guid=0000016705060d4ba84c218131b5deeb&src=GD_JOB_AD&t=SR&extid=1&exst=OL&ist=&ast=OL&vt=w&slr=true&rtp=0&cs=1_65bc45c9&cb=1541977542284&jobListingId=2959706152
2958687068,3.9,senior data engineer - nike technology,Nike,Beaverton,OR,110,124,https://www.glassdoor.com/partner/jobListing.htm?pos=919&ao=400784&s=58&guid=0000016705060d4ba84c218131b5deeb&src=GD_JOB_AD&t=SR&extid=1&exst=OL&ist=&ast=OL&vt=w&slr=true&rtp=0&cs=1_d6a831cf&cb=1541977542286&jobListingId=2958687068
2998334845,,data engineer/sql developer,Aroghia Group,Beaverton,OR,nan,nan,https://www.glassdoor.com/partner/jobListing.htm?pos=920&ao=4134&s=58&guid=0000016705060d4ba84c218131b5deeb&src=GD_JOB_AD&t=SR&extid=1&exst=OL&ist=&ast=OL&vt=w&slr=true&rtp=0&cs=1_47f33920&cb=1541977542287&jobListingId=2998334845
2953691376,3.9,senior data engineer nike technology,Nike,Beaverton,OR,110,124,https://www.glassdoor.com/partner/jobListing.htm?pos=921&ao=133385&s=58&guid=0000016705060d4ba84c218131b5deeb&src=GD_JOB_AD&t=SR&extid=1&exst=OL&ist=&ast=OL&vt=w&slr=true&rtp=0&cs=1_39ff0ece&cb=1541977542288&jobListingId=2953691376
3004624138,3.5,lead big data consultant,TekShapers,Hillsboro,OR,nan,nan,https://www.glassdoor.com/partner/jobListing.htm?pos=922&ao=242359&s=58&guid=0000016705060d4ba84c218131b5deeb&src=GD_JOB_AD&t=SR&extid=1&exst=OL&ist=&ast=OL&vt=w&slr=true&rtp=0&cs=1_835ef65c&cb=1541977542289&jobListingId=3004624138
2996842724,3.7,sr data engineer,ServerLogic,Beaverton,OR,nan,nan,https://www.glassdoor.com/partner/jobListing.htm?pos=923&ao=225321&s=58&guid=0000016705060d4ba84c218131b5deeb&src=GD_JOB_AD&t=SR&extid=1&exst=OL&ist=&ast=OL&vt=w&slr=true&rtp=0&cs=1_9a90acbf&cb=1541977542290&jobListingId=2996842724
3020285451,4.5,"data science engineer, duration-18 months, rate - open",Centizen,Hillsboro,OR,nan,nan,https://www.glassdoor.com/partner/jobListing.htm?pos=924&ao=242359&s=58&guid=0000016705060d4ba84c218131b5deeb&src=GD_JOB_AD&t=SR&extid=1&exst=OL&ist=&ast=OL&vt=w&slr=true&rtp=0&cs=1_2e543e05&cb=1541977542291&jobListingId=3020285451
2996601536,4.6,senior data engineer,SkillStorm,Hillsboro,OR,nan,nan,https://www.glassdoor.com/partner/jobListing.htm?pos=925&ao=349930&s=58&guid=0000016705060d4ba84c218131b5deeb&src=GD_JOB_AD&t=SR&extid=1&exst=OL&ist=&ast=OL&vt=w&slr=true&rtp=0&cs=1_1ba51e42&cb=1541977542292&jobListingId=2996601536
3014655100,,senior data engineer,Skill Storm,Hillsboro,OR,nan,nan,https://www.glassdoor.com/partner/jobListing.htm?pos=926&ao=173064&s=58&guid=0000016705060d4ba84c218131b5deeb&src=GD_JOB_AD&t=SR&extid=1&exst=OL&ist=&ast=OL&vt=w&slr=true&rtp=0&cs=1_65e31ce7&cb=1541977542293&jobListingId=3014655100
3021068733,,sr. hadoop data engineer,Aroghia Group,Hillsboro,OR,nan,nan,https://www.glassdoor.com/partner/jobListing.htm?pos=927&ao=4134&s=58&guid=0000016705060d4ba84c218131b5deeb&src=GD_JOB_AD&t=SR&extid=1&exst=OL&ist=&ast=OL&vt=w&slr=true&rtp=0&cs=1_3dc17130&cb=1541977542294&jobListingId=3021068733
3014442419,3.9,sr. visual analytics consultant -,Nike,Beaverton,OR,102,122,https://www.glassdoor.com/partner/jobListing.htm?pos=928&ao=352789&s=58&guid=0000016705060d4ba84c218131b5deeb&src=GD_JOB_AD&t=SR&extid=1&exst=OL&ist=&ast=OL&vt=w&slr=true&rtp=0&cs=1_fea3b9e7&cb=1541977542295&jobListingId=3014442419
2910633165,,"sr manager, data engineering",QuoteCenter,Vancouver,WA,nan,nan,https://www.glassdoor.com/partner/jobListing.htm?pos=929&ao=148364&s=58&guid=0000016705060d4ba84c218131b5deeb&src=GD_JOB_AD&t=SR&extid=1&exst=OL&ist=&ast=OL&vt=w&slr=true&rtp=0&cs=1_87137cbf&cb=1541977542296&jobListingId=2910633165
